时间,加速度X(g),加速度Y(g),加速度Z(g),四元数0(),四元数1(),四元数2(),四元数3()
2025-03-22 16:54:46.279,0.1625,0.1645,0.99475,0.45611236476380784,-0.010130496733226857,-0.12009588871601157,-0.8817232339339918
2025-03-22 16:54:46.280,0.1940714285714286,0.1722857142857143,0.9904999999999999,0.45611236476380784,-0.010130496733226746,-0.12009588871601154,-0.8817232339339918
2025-03-22 16:54:46.281,0.1915,0.173,0.978,0.45611236476380784,-0.010130496733226857,-0.12009588871601155,-0.8817232339339918
2025-03-22 16:54:46.424,0.17625,0.177,0.9635,0.45611236476380784,-0.010130496733226857,-0.12009588871601157,-0.8817232339339918
2025-03-22 16:54:46.425,0.183,0.170125,0.988,0.45611236476380784,-0.010130496733226857,-0.12009588871601157,-0.8817232339339918
2025-03-22 16:54:46.538,0.18933333333333335,0.17,0.999,0.45611236476380795,-0.010130496733226635,-0.12009588871601154,-0.8817232339339915
2025-03-22 16:54:46.539,0.184,0.17,1.0,0.4538290738117291,-0.013060836720981128,-0.11917763491878307,-0.8829865670793081
2025-03-22 16:54:46.808,0.18425,0.17525,0.97975,0.4538290738117291,-0.013060836720980906,-0.11917763491878304,-0.882986567079308
2025-03-22 16:54:46.810,0.18400000000000002,0.18266666666666667,0.9623333333333334,0.45382907381172916,-0.013060836720980906,-0.11917763491878307,-0.8829865670793081
2025-03-22 16:54:46.811,0.17466666666666666,0.18266666666666667,0.9533333333333333,0.45382907381172916,-0.013060836720980906,-0.11917763491878307,-0.8829865670793081
2025-03-22 16:54:46.812,0.1855,0.178,0.974,0.4538290738117291,-0.013060836720981128,-0.11917763491878307,-0.8829865670793081
2025-03-22 16:54:46.813,0.17525,0.17025,1.001,0.4538290738117291,-0.013060836720980906,-0.11917763491878304,-0.882986567079308
2025-03-22 16:54:47.033,0.19875,0.17125,1.01275,0.4538290738117291,-0.013060836720980906,-0.11917763491878304,-0.882986567079308
2025-03-22 16:54:47.034,0.19725,0.18025,0.99725,0.4538290738117291,-0.013060836720980906,-0.11917763491878304,-0.882986567079308
2025-03-22 16:54:47.036,0.18575,0.185,0.965,0.4538290738117291,-0.013060836720980906,-0.11917763491878304,-0.882986567079308
2025-03-22 16:54:47.037,0.18525,0.183,0.98625,-0.4538802479793963,0.012268264083523661,0.11991731828587421,0.8828714781697633
2025-03-22 16:54:47.038,0.19125,0.1835,0.99175,0.45403052729767934,-0.009890447159697224,-0.12213552190230519,-0.8825198998472635
2025-03-22 16:54:47.040,0.1895,0.18975,0.973,0.45403052729767934,-0.009890447159697224,-0.12213552190230519,-0.8825198998472635
2025-03-22 16:54:47.041,0.17125,0.19,0.9492499999999999,0.45403052729767934,-0.009890447159697224,-0.12213552190230519,-0.8825198998472635
2025-03-22 16:54:47.204,0.208,0.1885,0.9815,0.45403052729767934,-0.009890447159697224,-0.12213552190230519,-0.8825198998472635
2025-03-22 16:54:47.205,0.19966666666666666,0.19066666666666668,0.9925,0.45403052729767934,-0.009890447159697113,-0.12213552190230519,-0.8825198998472635
2025-03-22 16:54:47.206,0.18225,0.19087500000000002,0.9608749999999999,0.45403052729767934,-0.009890447159697224,-0.12213552190230519,-0.8825198998472635
2025-03-22 16:54:47.326,0.18833333333333332,0.18699999999999997,0.9726666666666667,-0.45214020674746697,0.013004021247462472,0.12553654937343456,0.8829726516971889
2025-03-22 16:54:47.327,0.197,0.183,0.98,0.45119080987379934,-0.014560671568948469,-0.1272358683871789,-0.8831907346234146
2025-03-22 16:54:47.328,0.206,0.18425,0.9917499999999999,0.45119080987379934,-0.014560671568948469,-0.1272358683871789,-0.8831907346234146
2025-03-22 16:54:47.528,0.2005,0.19075,0.9975,0.45119080987379934,-0.014560671568948469,-0.1272358683871789,-0.8831907346234146
2025-03-22 16:54:47.775,0.195,0.191,0.975,0.45119080987379934,-0.014560671568948469,-0.1272358683871789,-0.8831907346234146
2025-03-22 16:54:47.776,0.19400000000000003,0.19066666666666668,0.9616666666666666,0.4511908098737995,-0.014560671568948469,-0.12723586838717885,-0.8831907346234142
2025-03-22 16:54:47.923,0.194,0.193,0.955,0.45119080987379934,-0.014560671568948469,-0.1272358683871789,-0.8831907346234146
2025-03-22 16:54:47.924,0.18666666666666668,0.19400000000000003,0.9516666666666667,0.4511908098737995,-0.014560671568948469,-0.12723586838717885,-0.8831907346234142
2025-03-22 16:54:47.925,0.1885,0.19025,0.9662499999999999,0.45119080987379934,-0.014560671568948469,-0.1272358683871789,-0.8831907346234146
2025-03-22 16:54:47.926,0.195,0.18719999999999998,0.9924,0.4511908098737994,-0.014560671568948358,-0.1272358683871789,-0.8831907346234146
2025-03-22 16:54:47.927,0.2,0.1855,0.98575,0.45119080987379934,-0.014560671568948469,-0.1272358683871789,-0.8831907346234146
2025-03-22 16:54:47.928,0.2016,0.18780000000000002,0.9778,0.4511908098737994,-0.014560671568948358,-0.1272358683871789,-0.8831907346234146
2025-03-22 16:54:47.929,0.186,0.185,0.986,0.45119080987379934,-0.014560671568948469,-0.1272358683871789,-0.8831907346234146
2025-03-22 16:54:48.091,0.1965,0.188,0.9682499999999999,0.45119080987379934,-0.014560671568948469,-0.1272358683871789,-0.8831907346234146
2025-03-22 16:54:48.092,0.2005,0.1915,0.975,0.45119080987379934,-0.014560671568948469,-0.1272358683871789,-0.8831907346234146
2025-03-22 16:54:48.093,0.1985,0.192,0.979,0.45119080987379934,-0.014560671568948469,-0.1272358683871789,-0.8831907346234146
2025-03-22 16:54:48.094,0.1968,0.18980000000000002,0.9788,0.4511908098737994,-0.014560671568948358,-0.1272358683871789,-0.8831907346234146
2025-03-22 16:54:48.095,0.19200000000000003,0.18833333333333332,0.9743333333333334,0.4511908098737995,-0.014560671568948469,-0.12723586838717885,-0.8831907346234142
2025-03-22 16:54:48.096,0.19175,0.19,0.97375,0.45119080987379934,-0.014560671568948469,-0.1272358683871789,-0.8831907346234146
2025-03-22 16:54:48.271,0.1865,0.18775,0.965,-0.5061864670623696,0.011303008466290398,0.12903286788604554,0.8526417897145497
2025-03-22 16:54:48.272,0.196,0.186,0.968,0.5591717531061038,-0.008000454313497052,-0.13031740019897767,-0.8187064910359532
2025-03-22 16:54:48.273,0.19966666666666666,0.18833333333333332,0.973,0.5591717531061039,-0.008000454313497163,-0.13031740019897772,-0.8187064910359534
2025-03-22 16:54:48.274,0.20875,0.18975,0.9904999999999999,0.5591717531061038,-0.008000454313497052,-0.13031740019897767,-0.8187064910359532
2025-03-22 16:54:48.275,0.2085,0.19075,0.98525,0.5591717531061038,-0.008000454313497052,-0.13031740019897767,-0.8187064910359532
2025-03-22 16:54:48.425,0.196,0.18925,0.97175,0.5591717531061038,-0.008000454313497052,-0.13031740019897767,-0.8187064910359532
2025-03-22 16:54:48.426,0.18475,0.1875,0.9715,0.5591717531061038,-0.008000454313497052,-0.13031740019897767,-0.8187064910359532
2025-03-22 16:54:48.427,0.19025,0.18625,0.97725,0.5591717531061038,-0.008000454313497052,-0.13031740019897767,-0.8187064910359532
2025-03-22 16:54:48.428,0.19775,0.18825,0.97325,0.5591717531061038,-0.008000454313497052,-0.13031740019897767,-0.8187064910359532
2025-03-22 16:54:48.541,0.20925,0.1815,0.971,0.5591717531061038,-0.008000454313497052,-0.13031740019897767,-0.8187064910359532
2025-03-22 16:54:48.542,0.211,0.17675,0.9957499999999999,0.5591717531061038,-0.008000454313497052,-0.13031740019897767,-0.8187064910359532
2025-03-22 16:54:48.543,0.1905,0.1805,1.0075,0.5591717531061038,-0.008000454313497052,-0.13031740019897767,-0.8187064910359532
2025-03-22 16:54:48.676,0.198,0.18025,0.98325,-0.5547893701260987,0.013623503458246256,0.13043654650656408,0.8215895948002574
2025-03-22 16:54:48.677,0.18625,0.18525,0.9622499999999999,0.5414421123137716,-0.030491808434359946,-0.13074775450010617,-0.8299492233412737
2025-03-22 16:54:48.678,0.19575,0.18575,0.96575,0.5414421123137716,-0.030491808434359946,-0.13074775450010617,-0.8299492233412737
2025-03-22 16:54:48.835,0.19533333333333333,0.18600000000000003,0.9646666666666667,0.5414421123137715,-0.03049180843436028,-0.13074775450010623,-0.8299492233412737
2025-03-22 16:54:48.836,0.21033333333333334,0.18733333333333335,0.972,0.5414421123137715,-0.03049180843436028,-0.13074775450010623,-0.8299492233412737
2025-03-22 16:54:48.837,0.1925,0.1855,0.974,0.5414421123137716,-0.030491808434359946,-0.13074775450010617,-0.8299492233412737
2025-03-22 16:54:48.838,0.214,0.1835,0.98,0.5414421123137716,-0.030491808434359946,-0.13074775450010617,-0.8299492233412737
2025-03-22 16:54:48.839,0.2115,0.1865,0.989,0.5414421123137716,-0.030491808434359946,-0.13074775450010617,-0.8299492233412737
2025-03-22 16:54:48.840,0.19625,0.18275,0.9815,0.5414421123137716,-0.030491808434359946,-0.13074775450010617,-0.8299492233412737
2025-03-22 16:54:48.968,0.19499999999999998,0.18533333333333335,0.9783333333333334,0.5414421123137715,-0.03049180843436028,-0.13074775450010623,-0.8299492233412737
2025-03-22 16:54:48.969,0.211,0.188,0.967,0.5414421123137716,-0.030491808434359946,-0.13074775450010617,-0.8299492233412737
2025-03-22 16:54:48.970,0.20074999999999998,0.1915,0.9622499999999999,0.5414421123137716,-0.030491808434359946,-0.13074775450010617,-0.8299492233412737
2025-03-22 16:54:48.971,0.1875,0.186,0.9410000000000001,0.5414421123137716,-0.030491808434359946,-0.13074775450010617,-0.8299492233412737
2025-03-22 16:54:48.972,0.1975,0.183,0.97975,0.5414421123137716,-0.030491808434359946,-0.13074775450010617,-0.8299492233412737
2025-03-22 16:54:49.114,0.1875,0.1835,0.9864999999999999,0.5413871769928025,-0.02975622336992012,-0.13081285804640766,-0.8300014987506068
2025-03-22 16:54:49.115,0.2045,0.182,0.9844999999999999,0.541368798924842,-0.029511024764518612,-0.13083454320372606,-0.8300188222400106
2025-03-22 16:54:49.116,0.2105,0.1865,0.9682499999999999,0.541368798924842,-0.029511024764518612,-0.13083454320372606,-0.8300188222400106
2025-03-22 16:54:49.261,0.2125,0.186,0.9744999999999999,0.541368798924842,-0.029511024764518612,-0.13083454320372606,-0.8300188222400106
2025-03-22 16:54:49.486,0.19275,0.178,0.994,0.541368798924842,-0.029511024764518612,-0.13083454320372606,-0.8300188222400106
2025-03-22 16:54:49.487,0.1915,0.185,0.983,0.5413687989248422,-0.02951102476451828,-0.130834543203726,-0.8300188222400101
2025-03-22 16:54:49.488,0.2095,0.1795,0.9984999999999999,0.5413687989248422,-0.02951102476451828,-0.130834543203726,-0.8300188222400101
2025-03-22 16:54:49.624,0.195,0.1825,0.97975,0.541368798924842,-0.029511024764518612,-0.13083454320372606,-0.8300188222400106
2025-03-22 16:54:49.625,0.2055,0.1855,0.97125,0.541368798924842,-0.029511024764518612,-0.13083454320372606,-0.8300188222400106
2025-03-22 16:54:49.626,0.1865,0.18325,0.971,0.541368798924842,-0.029511024764518612,-0.13083454320372606,-0.8300188222400106
2025-03-22 16:54:49.627,0.19966666666666666,0.18266666666666667,0.9813333333333333,0.541368798924842,-0.029511024764518723,-0.13083454320372606,-0.8300188222400107
2025-03-22 16:54:49.628,0.1875,0.1855,0.9695,0.5413687989248422,-0.02951102476451828,-0.130834543203726,-0.8300188222400101
2025-03-22 16:54:49.629,0.2015,0.186,0.9675,-0.5419023633693592,0.027546380015488037,0.131016615977815,0.8297093900037934
2025-03-22 16:54:49.757,0.185,0.18475,0.971,0.5420797032309086,-0.02689147351698018,-0.13107718236781696,-0.8296054581906328
2025-03-22 16:54:49.758,0.198,0.18475,0.9764999999999999,0.5420797032309086,-0.02689147351698018,-0.13107718236781696,-0.8296054581906328
2025-03-22 16:54:49.759,0.20225,0.18725,0.98625,0.5420797032309086,-0.02689147351698018,-0.13107718236781696,-0.8296054581906328
2025-03-22 16:54:50.120,0.1975,0.18375,0.9835,-0.5420188885814351,0.026463914088596496,0.13050446038851046,0.8297492220489038
2025-03-22 16:54:50.121,0.1925714285714286,0.18614285714285714,0.976,0.5418347037555116,-0.025181148078779803,-0.1287858717071201,-0.8301778501238446
2025-03-22 16:54:50.122,0.192,0.18839999999999998,0.9662,0.5418347037555117,-0.025181148078779914,-0.12878587170712014,-0.8301778501238447
2025-03-22 16:54:50.123,0.192,0.18725,0.98175,0.5418347037555116,-0.025181148078779914,-0.1287858717071201,-0.8301778501238446
2025-03-22 16:54:50.124,0.1885,0.18575,0.97325,0.5418347037555116,-0.025181148078779914,-0.1287858717071201,-0.8301778501238446
2025-03-22 16:54:50.125,0.19799999999999998,0.18666666666666668,0.9776666666666666,0.5418347037555116,-0.025181148078779803,-0.1287858717071201,-0.8301778501238445
2025-03-22 16:54:50.126,0.187,0.188,0.98,0.5418347037555116,-0.025181148078779914,-0.1287858717071201,-0.8301778501238446
2025-03-22 16:54:50.364,0.195,0.187,0.993,-0.5413999317456011,0.024861145313826882,0.1289009356300606,0.8304532414008858
2025-03-22 16:54:50.366,0.2025,0.1975,1.03175,0.5400943776828872,-0.023901078798343023,-0.12924583363589223,-0.8312775205160869
2025-03-22 16:54:50.367,0.23075,0.206,1.05725,0.5400943776828872,-0.023901078798343023,-0.12924583363589223,-0.8312775205160869
2025-03-22 16:54:50.369,0.31525000000000003,0.26025,1.16675,0.5400943776828872,-0.023901078798343023,-0.12924583363589223,-0.8312775205160869
2025-03-22 16:54:50.370,0.27025,0.1765,1.12375,0.5400943776828872,-0.023901078798343023,-0.12924583363589223,-0.8312775205160869
2025-03-22 16:54:50.371,0.02975,0.10149999999999999,0.79,0.5400943776828872,-0.023901078798343023,-0.12924583363589223,-0.8312775205160869
2025-03-22 16:54:50.530,-0.033,0.15475,0.62625,0.5400943776828872,-0.023901078798343023,-0.12924583363589223,-0.8312775205160869
2025-03-22 16:54:50.531,0.14025,0.15775,0.69075,0.5400943776828872,-0.023901078798343023,-0.12924583363589223,-0.8312775205160869
2025-03-22 16:54:50.532,0.13375,0.055,0.9105000000000001,0.5400943776828872,-0.023901078798343023,-0.12924583363589223,-0.8312775205160869
2025-03-22 16:54:50.533,0.16625,-0.03725,0.9445,0.5400943776828872,-0.023901078798343023,-0.12924583363589223,-0.8312775205160869
2025-03-22 16:54:50.728,0.23550000000000001,-0.12,0.9695,-0.5661057432983635,0.0804315541499202,0.0426471039696507,0.8192901055332219
2025-03-22 16:54:50.729,0.28325,-0.21675,1.0655000000000001,0.5732932801355738,-0.09897401910969972,-0.013820561221542427,-0.813233023542569
2025-03-22 16:54:50.730,0.23775000000000002,-0.272,1.147,0.5732932801355738,-0.09897401910969972,-0.013820561221542427,-0.813233023542569
2025-03-22 16:54:50.731,0.25775000000000003,-0.27449999999999997,1.0425,0.5732932801355738,-0.09897401910969972,-0.013820561221542427,-0.813233023542569
2025-03-22 16:54:50.732,0.232,-0.30725,0.98625,0.5732932801355738,-0.09897401910969972,-0.013820561221542427,-0.813233023542569
2025-03-22 16:54:50.972,0.231,-0.30674999999999997,0.912,0.5732932801355738,-0.09897401910969972,-0.013820561221542427,-0.813233023542569
2025-03-22 16:54:50.973,0.17124999999999999,-0.34850000000000003,0.86075,0.5732932801355738,-0.09897401910969972,-0.013820561221542427,-0.813233023542569
2025-03-22 16:54:50.974,0.1775,-0.44475,0.91875,0.5732932801355738,-0.09897401910969972,-0.013820561221542427,-0.813233023542569
2025-03-22 16:54:50.976,0.14175,-0.5515000000000001,0.90375,0.5732932801355738,-0.09897401910969972,-0.013820561221542427,-0.813233023542569
2025-03-22 16:54:50.977,0.23925,-0.5925,0.948,0.5732932801355738,-0.09897401910969972,-0.013820561221542427,-0.813233023542569
2025-03-22 16:54:50.978,0.219,-0.53125,0.83125,-0.5716841905129671,0.20279576743304306,-0.1347290425126908,0.7835171651804388
2025-03-22 16:54:50.979,0.216,-0.546,0.8170000000000001,0.5669590459992615,-0.2353920594205745,0.18250935017526898,-0.7680093460498703
2025-03-22 16:54:50.980,0.189,-0.582,0.828,0.5669590459992614,-0.2353920594205745,0.18250935017526895,-0.7680093460498703
2025-03-22 16:54:51.127,0.22966666666666666,-0.6113333333333334,0.8586666666666667,0.5669590459992615,-0.2353920594205745,0.18250935017526898,-0.7680093460498703
2025-03-22 16:54:51.128,0.1828,-0.63,0.9168,0.5669590459992616,-0.23539205942057395,0.18250935017526893,-0.76800934604987
2025-03-22 16:54:51.129,0.15725,-0.611,0.89725,0.5669590459992614,-0.2353920594205745,0.18250935017526898,-0.7680093460498703
2025-03-22 16:54:51.354,0.06675,-0.5845,0.88375,0.5669590459992614,-0.2353920594205745,0.18250935017526898,-0.7680093460498703
2025-03-22 16:54:51.355,0.1265,-0.5894999999999999,0.942,0.5669590459992614,-0.2353920594205745,0.18250935017526895,-0.7680093460498703
2025-03-22 16:54:51.356,0.11499999999999999,-0.5705,0.9535,0.5669590459992614,-0.2353920594205745,0.18250935017526895,-0.7680093460498703
2025-03-22 16:54:51.582,0.11,-0.561,0.943,0.5669590459992614,-0.2353920594205745,0.18250935017526895,-0.7680093460498703
2025-03-22 16:54:51.583,0.12333333333333334,-0.5446666666666667,0.9216666666666667,0.5669590459992615,-0.2353920594205745,0.18250935017526898,-0.7680093460498703
2025-03-22 16:54:51.584,0.121,-0.527,0.9432499999999999,0.5669590459992614,-0.2353920594205745,0.18250935017526898,-0.7680093460498703
2025-03-22 16:54:51.585,0.173,-0.46299999999999997,0.9335,0.5669590459992614,-0.2353920594205745,0.18250935017526895,-0.7680093460498703
2025-03-22 16:54:51.586,0.0938,-0.4112,0.9144,0.5669590459992616,-0.23539205942057395,0.18250935017526893,-0.76800934604987
2025-03-22 16:54:51.587,0.09525,-0.34750000000000003,0.9075,0.5669590459992614,-0.2353920594205745,0.18250935017526898,-0.7680093460498703
2025-03-22 16:54:51.588,0.09766666666666668,-0.304,0.9156666666666666,0.5669590459992615,-0.2353920594205745,0.18250935017526898,-0.7680093460498703
2025-03-22 16:54:51.589,0.1,-0.2745,0.9165000000000001,0.5669590459992614,-0.2353920594205745,0.18250935017526895,-0.7680093460498703
2025-03-22 16:54:51.590,0.009,-0.221,0.94,-0.5775911877483365,0.1544556117174315,-0.13623021096602914,0.7899197512814897
2025-03-22 16:54:51.781,-0.0425,-0.15675,0.90225,0.5828600628644165,-0.0720849547566439,0.08868609583544913,-0.8044952969538646
2025-03-22 16:54:51.783,-0.025750000000000002,-0.148,0.90625,0.5828600628644165,-0.0720849547566439,0.08868609583544913,-0.8044952969538646
2025-03-22 16:54:51.961,-0.012,-0.16175,0.96375,0.5828600628644165,-0.0720849547566439,0.08868609583544913,-0.8044952969538646
2025-03-22 16:54:51.963,0.0825,-0.16,0.972,0.5828600628644165,-0.0720849547566439,0.08868609583544913,-0.8044952969538646
2025-03-22 16:54:51.964,-0.0029999999999999996,-0.1565,0.9464999999999999,0.5828600628644164,-0.07208495475664412,0.08868609583544913,-0.8044952969538646
2025-03-22 16:54:51.965,0.0625,-0.1495,0.95,0.5828600628644164,-0.07208495475664412,0.08868609583544913,-0.8044952969538646
2025-03-22 16:54:51.966,0.0375,-0.14375,0.9602499999999999,0.5828600628644165,-0.0720849547566439,0.08868609583544913,-0.8044952969538646
2025-03-22 16:54:51.967,0.045,-0.14875,0.9582499999999999,-0.5841021498142778,0.0606865494811446,-0.07269025813576364,0.8061376728987224
2025-03-22 16:54:51.969,0.034999999999999996,-0.16160000000000002,0.9709999999999999,0.5844654929243642,-0.05688248107168892,0.06735293776684677,-0.8066151825387271
2025-03-22 16:54:51.970,0.042333333333333334,-0.18766666666666665,1.0039999999999998,0.5844654929243642,-0.05688248107168892,0.06735293776684678,-0.8066151825387273
2025-03-22 16:54:52.073,0.0335,-0.1575,0.94675,0.5844654929243641,-0.05688248107168903,0.0673529377668468,-0.8066151825387273
2025-03-22 16:54:52.075,0.0495,-0.15425,0.92925,0.5844654929243641,-0.05688248107168903,0.0673529377668468,-0.8066151825387273
2025-03-22 16:54:52.076,0.061,-0.152,0.923,0.5844654929243642,-0.05688248107168892,0.0673529377668468,-0.8066151825387272
2025-03-22 16:54:52.077,0.056,-0.17300000000000001,0.9276666666666668,0.5844654929243642,-0.05688248107168892,0.06735293776684678,-0.8066151825387273
2025-03-22 16:54:52.344,0.083,-0.197,0.946,0.5844654929243642,-0.05688248107168892,0.0673529377668468,-0.8066151825387272
2025-03-22 16:54:52.345,0.07033333333333334,-0.21566666666666667,0.9503333333333334,-0.5827297947921175,0.07423336142521453,-0.08117763015331858,0.805186678153421
2025-03-22 16:54:52.346,0.0945,-0.2485,0.96075,0.5817534817896928,-0.08289334589164699,0.08807355498464625,-0.8043224655228923
2025-03-22 16:54:52.347,0.07,-0.3065,0.9977499999999999,0.5817534817896928,-0.08289334589164699,0.08807355498464625,-0.8043224655228923
2025-03-22 16:54:52.349,0.07980000000000001,-0.29419999999999996,0.9608000000000001,0.5817534817896927,-0.08289334589164676,0.08807355498464621,-0.8043224655228922
2025-03-22 16:54:52.350,0.06833333333333334,-0.32866666666666666,0.969,0.5817534817896928,-0.08289334589164676,0.08807355498464624,-0.8043224655228921
2025-03-22 16:54:52.569,0.076,-0.325,0.969,0.5817534817896928,-0.08289334589164699,0.08807355498464624,-0.8043224655228922
2025-03-22 16:54:52.570,0.07133333333333333,-0.3293333333333333,0.9620000000000001,0.5817534817896928,-0.08289334589164676,0.08807355498464624,-0.8043224655228921
2025-03-22 16:54:52.571,0.0685,-0.344,0.9572499999999999,0.5817534817896928,-0.08289334589164699,0.08807355498464625,-0.8043224655228923
2025-03-22 16:54:52.572,0.067,-0.34075,0.93975,0.5817534817896928,-0.08289334589164699,0.08807355498464625,-0.8043224655228923
2025-03-22 16:54:52.573,0.0745,-0.3675,0.944,0.5817534817896928,-0.08289334589164699,0.08807355498464624,-0.8043224655228922
2025-03-22 16:54:52.574,0.10533333333333333,-0.37966666666666665,0.9526666666666666,0.5817534817896928,-0.08289334589164676,0.08807355498464624,-0.8043224655228921
2025-03-22 16:54:52.575,0.07166666666666667,-0.38233333333333336,0.9413333333333332,0.5817534817896928,-0.08289334589164676,0.08807355498464624,-0.8043224655228921
2025-03-22 16:54:52.576,0.109,-0.39525,0.9337500000000001,0.5817534817896928,-0.08289334589164699,0.08807355498464625,-0.8043224655228923
2025-03-22 16:54:52.577,0.14125,-0.40800000000000003,0.935,0.5817534817896928,-0.08289334589164699,0.08807355498464625,-0.8043224655228923
2025-03-22 16:54:52.728,0.1505,-0.427,0.9285000000000001,0.5817534817896928,-0.08289334589164699,0.08807355498464624,-0.8043224655228922
2025-03-22 16:54:52.729,0.1755,-0.4305,0.9215,-0.5813993803420787,0.11951330912986935,-0.11755586014936291,0.7961607558924381
2025-03-22 16:54:52.730,0.145,-0.456,0.9475,0.5797214517396747,-0.1558611445170237,0.1467704945095823,-0.7861862145599477
2025-03-22 16:54:52.731,0.1205,-0.47575,0.956,0.5797214517396747,-0.1558611445170237,0.1467704945095823,-0.7861862145599477
2025-03-22 16:54:52.732,0.09375,-0.47775,0.944,0.5797214517396747,-0.1558611445170237,0.1467704945095823,-0.7861862145599477
2025-03-22 16:54:52.863,0.07975,-0.47624999999999995,0.93525,0.5797214517396747,-0.1558611445170237,0.1467704945095823,-0.7861862145599477
2025-03-22 16:54:52.864,0.0995,-0.46225,0.922,0.5797214517396747,-0.1558611445170237,0.1467704945095823,-0.7861862145599477
2025-03-22 16:54:52.865,0.09025,-0.44725000000000004,0.8915,0.5797214517396747,-0.1558611445170237,0.1467704945095823,-0.7861862145599477
2025-03-22 16:54:53.035,0.081,-0.4405,0.87025,0.5797214517396747,-0.1558611445170237,0.1467704945095823,-0.7861862145599477
2025-03-22 16:54:53.036,0.117,-0.43225,0.861,0.5797214517396747,-0.1558611445170237,0.1467704945095823,-0.7861862145599477
2025-03-22 16:54:53.037,0.122,-0.4543333333333333,0.8726666666666666,0.5797214517396747,-0.1558611445170237,0.14677049450958227,-0.7861862145599477
2025-03-22 16:54:53.038,0.14800000000000002,-0.463,0.8645,0.5797214517396747,-0.1558611445170237,0.14677049450958227,-0.7861862145599476
2025-03-22 16:54:53.155,0.2155,-0.5882499999999999,1.052,-0.5773077161694397,0.16132600346964465,-0.15341672896554656,0.7855908787207564
2025-03-22 16:54:53.156,0.09425,-0.49224999999999997,0.86075,0.5697861316464788,-0.17764814733515955,0.1732879473667893,-0.7834259296379792
2025-03-22 16:54:53.157,0.1105,-0.47675,0.8865000000000001,0.5697861316464788,-0.17764814733515955,0.1732879473667893,-0.7834259296379792
2025-03-22 16:54:53.158,0.112,-0.47775,0.89,0.5697861316464788,-0.17764814733515955,0.1732879473667893,-0.7834259296379792
2025-03-22 16:54:53.379,0.10125,-0.471,0.8925000000000001,0.5697861316464788,-0.17764814733515955,0.1732879473667893,-0.7834259296379792
2025-03-22 16:54:53.629,0.09225,-0.471,0.8975,0.5697861316464788,-0.17764814733515955,0.1732879473667893,-0.7834259296379792
2025-03-22 16:54:53.761,0.13066666666666668,-0.463,0.8973333333333334,0.5697861316464787,-0.17764814733515966,0.1732879473667893,-0.7834259296379793
2025-03-22 16:54:53.762,0.17,-0.446,0.886,0.5697861316464787,-0.17764814733515955,0.1732879473667893,-0.7834259296379793
2025-03-22 16:54:53.896,0.174,-0.4465,0.903,0.5697861316464788,-0.17764814733515955,0.1732879473667893,-0.7834259296379792
2025-03-22 16:54:53.898,0.1405,-0.4535,0.91,0.5697861316464787,-0.17764814733515955,0.1732879473667893,-0.7834259296379793
2025-03-22 16:54:53.899,0.11449999999999999,-0.431,0.924,0.5697861316464787,-0.17764814733515955,0.1732879473667893,-0.7834259296379793
2025-03-22 16:54:53.900,0.14425,-0.4125,0.9205000000000001,0.5697861316464788,-0.17764814733515955,0.1732879473667893,-0.7834259296379792
2025-03-22 16:54:53.901,0.14925,-0.4255,0.9704999999999999,0.5697861316464788,-0.17764814733515955,0.1732879473667893,-0.7834259296379792
2025-03-22 16:54:53.902,0.398,-0.10675000000000001,0.97725,0.5697861316464788,-0.17764814733515955,0.1732879473667893,-0.7834259296379792
2025-03-22 16:54:54.076,0.2305,0.0925,0.958,-0.5782928581984528,0.09904572292293912,-0.015846239857299618,0.809639556598936
2025-03-22 16:54:54.077,0.218,0.223,0.942,0.5684528095133871,-0.017300998565464965,-0.14209820151253855,-0.8101667605696229
2025-03-22 16:54:54.078,0.213,0.26175,0.92625,0.5684528095133871,-0.017300998565464965,-0.14209820151253855,-0.8101667605696229
2025-03-22 16:54:54.088,0.178,0.258,0.946,0.5684528095133871,-0.017300998565464965,-0.14209820151253855,-0.8101667605696229
2025-03-22 16:54:54.089,0.2105,0.275,0.92175,0.5684528095133871,-0.017300998565464965,-0.14209820151253855,-0.8101667605696229
2025-03-22 16:54:54.090,0.25566666666666665,0.2793333333333333,0.8623333333333333,0.5684528095133872,-0.017300998565464853,-0.14209820151253855,-0.8101667605696228
2025-03-22 16:54:54.092,0.2398,0.277,0.9593999999999999,0.568452809513387,-0.017300998565465076,-0.14209820151253857,-0.810166760569623
2025-03-22 16:54:54.093,0.26366666666666666,0.302,0.9036666666666667,0.5684528095133872,-0.017300998565464853,-0.14209820151253855,-0.8101667605696228
2025-03-22 16:54:54.369,0.279,0.275,0.926,0.5684528095133871,-0.017300998565464965,-0.14209820151253855,-0.8101667605696229
2025-03-22 16:54:54.370,0.27699999999999997,0.27166666666666667,1.0006666666666666,0.5684528095133872,-0.017300998565464853,-0.14209820151253855,-0.8101667605696228
2025-03-22 16:54:54.371,0.22199999999999998,0.2836666666666667,0.9526666666666667,0.5684528095133872,-0.017300998565464853,-0.14209820151253855,-0.8101667605696228
2025-03-22 16:54:54.372,0.2532,0.2792,0.9400000000000001,0.568452809513387,-0.017300998565465076,-0.14209820151253857,-0.810166760569623
2025-03-22 16:54:54.374,0.22875,0.28400000000000003,0.92675,0.5684528095133871,-0.017300998565464965,-0.14209820151253855,-0.8101667605696229
2025-03-22 16:54:54.548,0.25375000000000003,0.26675,0.935,0.5684528095133871,-0.017300998565464965,-0.14209820151253855,-0.8101667605696229
2025-03-22 16:54:54.553,0.25175000000000003,0.28300000000000003,0.96075,-0.5682254432249948,0.013451479383040255,0.15126604704006985,0.8087382063356703
2025-03-22 16:54:54.555,0.21025,0.258,0.9392499999999999,0.5671985620594533,-0.001890095178327833,-0.17868899812892616,-0.8039604845299212
2025-03-22 16:54:54.556,0.225,0.2555,0.9595,0.5671985620594533,-0.001890095178327833,-0.17868899812892616,-0.8039604845299212
2025-03-22 16:54:54.561,0.2635,0.276,0.971,0.5671985620594533,-0.001890095178327833,-0.17868899812892616,-0.8039604845299212
2025-03-22 16:54:54.563,0.2505,0.27,0.96975,0.5671985620594533,-0.001890095178327833,-0.17868899812892616,-0.8039604845299212
2025-03-22 16:54:54.564,0.2485,0.267,0.9612499999999999,0.5671985620594533,-0.001890095178327833,-0.17868899812892616,-0.8039604845299212
2025-03-22 16:54:54.751,0.2495,0.28200000000000003,0.9455,0.5671985620594533,-0.001890095178327833,-0.17868899812892616,-0.8039604845299212
2025-03-22 16:54:54.753,0.20975,0.26075000000000004,0.9305000000000001,-0.5664055155524563,0.0014175760170160867,0.17842132530044344,0.8045797742349887
2025-03-22 16:54:54.754,0.20825,0.28225,0.9285000000000001,0.5640219205456868,0.0,-0.17761690302858055,-0.8064313417163862
2025-03-22 16:54:54.756,0.2314,0.26420000000000005,0.9318000000000002,0.5640219205456868,0.0,-0.17761690302858052,-0.8064313417163861
2025-03-22 16:54:54.757,0.25566666666666665,0.264,0.9386666666666666,0.5640219205456868,0.0,-0.17761690302858052,-0.8064313417163862
2025-03-22 16:54:54.758,0.261,0.25825,0.96475,0.5640219205456868,0.0,-0.17761690302858055,-0.8064313417163862
2025-03-22 16:54:54.976,0.254,0.258,0.96,0.5640219205456868,0.0,-0.17761690302858055,-0.8064313417163861
2025-03-22 16:54:54.977,0.24466666666666667,0.259,0.957,0.5640219205456868,0.0,-0.17761690302858052,-0.8064313417163862
2025-03-22 16:54:54.978,0.24075,0.25925,0.9664999999999999,0.5640219205456868,0.0,-0.17761690302858055,-0.8064313417163862
2025-03-22 16:54:55.132,0.216,0.24825,0.96775,0.5640219205456868,0.0,-0.17761690302858055,-0.8064313417163862
2025-03-22 16:54:55.133,0.2095,0.25175000000000003,0.93825,0.5640219205456868,0.0,-0.17761690302858055,-0.8064313417163862
2025-03-22 16:54:55.134,0.237,0.254,0.94225,0.5640219205456868,0.0,-0.17761690302858055,-0.8064313417163862
2025-03-22 16:54:55.135,0.24725,0.254,0.95075,0.5640219205456868,0.0,-0.17761690302858055,-0.8064313417163862
2025-03-22 16:54:55.136,0.24275,0.25675000000000003,0.959,-0.5622436259161963,0.0029751937579033383,0.1737453735213275,0.8085083787559937
2025-03-22 16:54:55.137,0.236,0.2525,0.96875,0.5604477235405881,-0.005950294341862339,-0.16986840284180496,-0.8105600957926514
2025-03-22 16:54:55.138,0.22,0.26575000000000004,0.92625,0.5604477235405881,-0.005950294341862339,-0.16986840284180496,-0.8105600957926514
2025-03-22 16:54:55.336,0.236,0.257,0.926,0.5604477235405881,-0.005950294341862339,-0.16986840284180496,-0.8105600957926514
2025-03-22 16:54:55.337,0.249,0.25066666666666665,0.9593333333333334,0.5604477235405884,-0.005950294341862117,-0.1698684028418049,-0.8105600957926511
2025-03-22 16:54:55.338,0.22625,0.26325,0.971,0.5604477235405881,-0.005950294341862339,-0.16986840284180496,-0.8105600957926514
2025-03-22 16:54:55.471,0.28800000000000003,0.25875000000000004,1.05375,0.5604477235405881,-0.005950294341862339,-0.16986840284180496,-0.8105600957926514
2025-03-22 16:54:55.619,0.24075,0.28075,0.9874999999999999,0.5604477235405881,-0.005950294341862339,-0.16986840284180496,-0.8105600957926514
2025-03-22 16:54:55.620,0.23725000000000002,0.3135,0.9359999999999999,0.5604477235405881,-0.005950294341862339,-0.16986840284180496,-0.8105600957926514
2025-03-22 16:54:55.621,0.25925,0.1655,0.88675,0.5604477235405881,-0.005950294341862339,-0.16986840284180496,-0.8105600957926514
2025-03-22 16:54:55.622,0.2335,-0.0355,0.99175,0.5604477235405881,-0.005950294341862339,-0.16986840284180496,-0.8105600957926514
2025-03-22 16:54:55.623,0.16625,0.026249999999999996,0.7845,0.5604477235405881,-0.005950294341862339,-0.16986840284180496,-0.8105600957926514
2025-03-22 16:54:55.624,0.16925,-0.10375000000000001,0.872,0.5604477235405881,-0.005950294341862339,-0.16986840284180496,-0.8105600957926514
2025-03-22 16:54:55.625,0.21025,-0.276,0.9917499999999999,0.5604477235405881,-0.005950294341862339,-0.16986840284180496,-0.8105600957926514
2025-03-22 16:54:55.764,0.23049999999999998,-0.3735,1.0225,0.5604477235405881,-0.005950294341862339,-0.16986840284180496,-0.8105600957926514
2025-03-22 16:54:55.765,0.1805,-0.4015,0.9895,0.5604477235405881,-0.005950294341862339,-0.16986840284180496,-0.8105600957926514
2025-03-22 16:54:55.766,0.2655,-0.4315,0.9815,0.5604477235405881,-0.005950294341862339,-0.16986840284180496,-0.8105600957926514
2025-03-22 16:54:55.767,0.30875,-0.4065,0.923,0.5604477235405881,-0.005950294341862339,-0.16986840284180496,-0.8105600957926514
2025-03-22 16:54:55.937,0.27275000000000005,-0.38425,0.862,0.5604477235405881,-0.005950294341862339,-0.16986840284180496,-0.8105600957926514
2025-03-22 16:54:56.169,0.2465,-0.368,0.8385,0.5282861777041432,-0.2069802563120935,0.11884588906667246,-0.8148303765788796
2025-03-22 16:54:56.170,0.2865,-0.397,0.8605,0.5282861777041432,-0.2069802563120935,0.11884588906667246,-0.8148303765788796
2025-03-22 16:54:56.172,0.224,-0.4495,0.92275,0.5282861777041432,-0.2069802563120935,0.11884588906667246,-0.8148303765788796
2025-03-22 16:54:56.304,0.1775,-0.48575,0.91475,0.5282861777041432,-0.2069802563120935,0.11884588906667246,-0.8148303765788796
2025-03-22 16:54:56.306,0.22799999999999998,-0.48424999999999996,0.92425,0.5282861777041432,-0.2069802563120935,0.11884588906667246,-0.8148303765788796
2025-03-22 16:54:56.307,0.316,-0.43325,0.87125,0.5282861777041432,-0.2069802563120935,0.11884588906667246,-0.8148303765788796
2025-03-22 16:54:56.308,0.228,-0.44125000000000003,0.894,0.5282861777041432,-0.2069802563120935,0.11884588906667246,-0.8148303765788796
2025-03-22 16:54:56.345,0.20325,-0.461,0.88475,0.5282861777041432,-0.2069802563120935,0.11884588906667246,-0.8148303765788796
2025-03-22 16:54:56.346,0.2645,-0.49275,0.9435,0.5282861777041432,-0.2069802563120935,0.11884588906667246,-0.8148303765788796
2025-03-22 16:54:56.347,0.22,-0.5265,1.0055,-0.5465439655764447,0.18973351074615474,-0.13846584439563692,0.8038147165408929
2025-03-22 16:54:56.553,0.12425,-0.38225,0.9505,0.5524888108051065,-0.18393959195486287,0.14496755966822636,-0.7999417148083213
2025-03-22 16:54:56.554,0.113,-0.3115,0.97125,0.5524888108051065,-0.18393959195486287,0.14496755966822636,-0.7999417148083213
2025-03-22 16:54:56.555,0.11266666666666668,-0.23033333333333336,0.9286666666666666,0.5524888108051066,-0.18393959195486265,0.1449675596682263,-0.799941714808321
2025-03-22 16:54:56.556,0.126,-0.193,0.907,0.5524888108051065,-0.18393959195486287,0.14496755966822636,-0.7999417148083213
2025-03-22 16:54:56.557,0.14325,-0.19625,0.963,0.5524888108051065,-0.18393959195486287,0.14496755966822636,-0.7999417148083213
2025-03-22 16:54:56.720,0.135,-0.196,1.014,0.5524888108051065,-0.18393959195486287,0.14496755966822636,-0.7999417148083213
2025-03-22 16:54:56.721,0.11466666666666665,-0.17800000000000002,1.0103333333333333,0.5524888108051066,-0.18393959195486265,0.1449675596682263,-0.799941714808321
2025-03-22 16:54:56.722,0.07825,-0.1365,0.9835,0.5524888108051065,-0.18393959195486287,0.14496755966822636,-0.7999417148083213
2025-03-22 16:54:56.723,0.1185,-0.111,1.01125,0.5524888108051065,-0.18393959195486287,0.14496755966822636,-0.7999417148083213
2025-03-22 16:54:56.724,0.04875,-0.06625,0.9585,0.5524888108051065,-0.18393959195486287,0.14496755966822636,-0.7999417148083213
2025-03-22 16:54:56.725,0.07575,-0.0295,0.946,0.5524888108051065,-0.18393959195486287,0.14496755966822636,-0.7999417148083213
2025-03-22 16:54:56.958,0.09125,-0.014,0.96775,0.5524888108051065,-0.18393959195486287,0.14496755966822636,-0.7999417148083213
2025-03-22 16:54:56.959,0.0905,-0.01425,0.983,0.558798969144133,-0.02408081745407964,-0.012570426719177042,-0.8288581366472162
2025-03-22 16:54:56.960,0.0785,0.017,0.9704999999999999,0.558798969144133,-0.02408081745407964,-0.012570426719177042,-0.8288581366472162
2025-03-22 16:54:56.962,0.1355,0.025750000000000002,0.97675,0.558798969144133,-0.02408081745407964,-0.012570426719177042,-0.8288581366472162
2025-03-22 16:54:56.963,0.082,0.041999999999999996,0.96675,0.558798969144133,-0.02408081745407964,-0.012570426719177042,-0.8288581366472162
2025-03-22 16:54:56.964,0.10200000000000001,0.0625,0.95075,0.558798969144133,-0.02408081745407964,-0.012570426719177042,-0.8288581366472162
2025-03-22 16:54:56.966,0.08025,0.066,0.9632499999999999,0.558798969144133,-0.02408081745407964,-0.012570426719177042,-0.8288581366472162
2025-03-22 16:54:57.317,0.0645,0.0985,0.90475,0.558798969144133,-0.02408081745407964,-0.012570426719177042,-0.8288581366472162
2025-03-22 16:54:57.318,0.06833333333333334,0.07866666666666666,0.9376666666666665,0.5587989691441327,-0.024080817454079972,-0.012570426719177047,-0.8288581366472166
2025-03-22 16:54:57.319,0.085,0.069,0.956,0.558798969144133,-0.02408081745407964,-0.012570426719177042,-0.8288581366472162
2025-03-22 16:54:57.519,0.105,0.060000000000000005,0.967,0.558798969144133,-0.02408081745407964,-0.012570426719177042,-0.8288581366472162
2025-03-22 16:54:57.631,0.096,0.045,0.976,0.558798969144133,-0.02408081745407964,-0.012570426719177042,-0.8288581366472162
2025-03-22 16:54:57.632,0.09333333333333332,0.028999999999999998,0.9866666666666667,0.5587989691441327,-0.024080817454079972,-0.012570426719177047,-0.8288581366472166
2025-03-22 16:54:57.633,0.12333333333333334,0.015333333333333332,1.0046666666666668,0.5587989691441327,-0.024080817454079972,-0.012570426719177047,-0.8288581366472166
2025-03-22 16:54:57.634,0.098,0.01,1.009,0.558798969144133,-0.02408081745407964,-0.012570426719177042,-0.8288581366472162
2025-03-22 16:54:57.642,0.08833333333333333,0.012333333333333333,0.9933333333333333,0.5587989691441327,-0.024080817454079972,-0.012570426719177047,-0.8288581366472166
2025-03-22 16:54:57.643,0.075,0.017,0.972,0.558798969144133,-0.02408081745407964,-0.012570426719177042,-0.8288581366472162
2025-03-22 16:54:57.647,0.075,0.009,0.974,0.558798969144133,-0.02408081745407964,-0.012570426719177042,-0.8288581366472162
2025-03-22 16:54:57.648,0.075,-0.0016666666666666668,0.979,-0.5616001650278275,0.02162795812722773,0.01220406151465294,0.8270360010002652
2025-03-22 16:54:57.649,0.07575,-0.03725,0.97575,0.5671735240938464,-0.01672098833242064,-0.011470678000769502,-0.8233486659139958
2025-03-22 16:54:57.650,0.10425000000000001,-0.138,1.0045,0.5671735240938464,-0.01672098833242064,-0.011470678000769502,-0.8233486659139958
2025-03-22 16:54:57.834,0.137,-0.155,0.99,0.5671735240938464,-0.01672098833242064,-0.011470678000769502,-0.8233486659139958
2025-03-22 16:54:57.835,0.142,-0.2624,1.0162,0.5671735240938462,-0.01672098833242086,-0.011470678000769506,-0.8233486659139959
2025-03-22 16:54:57.836,0.10416666666666667,-0.2778333333333333,0.9758333333333332,0.5671735240938462,-0.01672098833242064,-0.011470678000769506,-0.823348665913996
2025-03-22 16:54:57.837,0.1525,-0.3035,0.991,0.5671735240938464,-0.01672098833242064,-0.011470678000769502,-0.8233486659139958
2025-03-22 16:54:57.838,0.1395,-0.3085,0.9975,0.5671735240938464,-0.01672098833242064,-0.011470678000769502,-0.8233486659139958
2025-03-22 16:54:57.951,0.09699999999999999,-0.3233333333333333,0.993,0.5671735240938462,-0.01672098833242064,-0.011470678000769506,-0.823348665913996
2025-03-22 16:54:57.952,0.14100000000000001,-0.3286,0.9868,0.5785456860605331,-0.11905528577319124,0.09497421663065898,-0.8013055760729509
2025-03-22 16:54:58.137,0.128,-0.338,0.975,0.5785456860605332,-0.11905528577319102,0.09497421663065897,-0.8013055760729506
2025-03-22 16:54:58.138,0.15633333333333335,-0.35766666666666663,0.989,0.5785456860605332,-0.11905528577319102,0.09497421663065897,-0.8013055760729507
2025-03-22 16:54:58.139,0.17525,-0.34850000000000003,0.9755,0.5785456860605331,-0.11905528577319102,0.09497421663065898,-0.8013055760729507
2025-03-22 16:54:58.140,0.1595,-0.34325,0.9375,0.5785456860605331,-0.11905528577319102,0.09497421663065898,-0.8013055760729507
2025-03-22 16:54:58.141,0.14825,-0.34125,0.9327500000000001,0.5785456860605331,-0.11905528577319102,0.09497421663065898,-0.8013055760729507
2025-03-22 16:54:58.142,0.14024999999999999,-0.346,0.91925,0.5785456860605331,-0.11905528577319102,0.09497421663065898,-0.8013055760729507
2025-03-22 16:54:58.143,0.1485,-0.35324999999999995,0.908,0.5785456860605331,-0.11905528577319102,0.09497421663065898,-0.8013055760729507
2025-03-22 16:54:58.255,0.19425,-0.358,0.87975,0.5785456860605331,-0.11905528577319102,0.09497421663065898,-0.8013055760729507
2025-03-22 16:54:58.256,0.1375,-0.52475,1.1600000000000001,0.5785456860605331,-0.11905528577319102,0.09497421663065898,-0.8013055760729507
2025-03-22 16:54:58.257,0.15275,-0.37075,0.88275,0.5785456860605331,-0.11905528577319102,0.09497421663065898,-0.8013055760729507
2025-03-22 16:54:58.373,0.14,-0.38,0.921,0.5785456860605332,-0.11905528577319102,0.09497421663065897,-0.8013055760729506
2025-03-22 16:54:58.374,0.15666666666666665,-0.3866666666666667,0.9336666666666668,-0.5702883555973444,0.13643067522925012,-0.10947864834698579,0.802603443727153
2025-03-22 16:54:58.376,0.18775,-0.36124999999999996,0.93375,0.5660361350294423,-0.1450866989453744,0.11670538852305767,-0.803077079687714
2025-03-22 16:54:58.377,0.183,-0.3515,0.93075,0.5660361350294423,-0.1450866989453744,0.11670538852305767,-0.803077079687714
2025-03-22 16:54:58.529,0.20333333333333334,-0.35433333333333333,0.9313333333333333,0.5660361350294423,-0.14508669894537451,0.11670538852305773,-0.8030770796877145
2025-03-22 16:54:58.530,0.2045,-0.3535,0.933,0.5660361350294422,-0.14508669894537451,0.11670538852305773,-0.8030770796877144
2025-03-22 16:54:58.531,0.19633333333333333,-0.347,0.9173333333333334,0.5660361350294423,-0.14508669894537451,0.11670538852305773,-0.8030770796877145
2025-03-22 16:54:58.532,0.23925000000000002,-0.34275,0.9337500000000001,0.5660361350294423,-0.1450866989453744,0.11670538852305767,-0.803077079687714
2025-03-22 16:54:58.651,0.17625000000000002,-0.3285,0.956,0.5660361350294423,-0.1450866989453744,0.11670538852305767,-0.803077079687714
2025-03-22 16:54:58.652,0.21025,-0.2725,0.9724999999999999,0.5660361350294423,-0.1450866989453744,0.11670538852305767,-0.803077079687714
2025-03-22 16:54:58.653,0.236,-0.24300000000000002,0.98625,0.5660361350294423,-0.1450866989453744,0.11670538852305767,-0.803077079687714
2025-03-22 16:54:58.847,0.26475,-0.2105,0.955,0.5660361350294423,-0.1450866989453744,0.11670538852305767,-0.803077079687714
2025-03-22 16:54:58.849,0.28825,-0.16975,1.009,-0.5612331232125931,0.13116590355724855,-0.0501877420230546,0.815655612194066
2025-03-22 16:54:58.851,0.291,-0.09675,1.0135,0.5537363752301308,-0.11661555456030304,-0.01657078928963404,-0.8243192634676854
2025-03-22 16:54:58.852,0.286,-0.016,0.9775,0.5537363752301308,-0.11661555456030304,-0.01657078928963404,-0.8243192634676854
2025-03-22 16:54:58.853,0.288,0.05775,0.97225,0.5537363752301308,-0.11661555456030304,-0.01657078928963404,-0.8243192634676854
2025-03-22 16:54:59.030,0.31325000000000003,0.10225,0.96175,0.5537363752301308,-0.11661555456030304,-0.01657078928963404,-0.8243192634676854
2025-03-22 16:54:59.253,0.338,0.096,1.04,0.5537363752301306,-0.11661555456030304,-0.01657078928963404,-0.8243192634676855
2025-03-22 16:54:59.254,0.26866666666666666,0.17233333333333334,1.0363333333333333,0.5537363752301309,-0.11661555456030293,-0.016570789289634034,-0.824319263467685
2025-03-22 16:54:59.256,0.21575,0.2065,0.89075,0.5537363752301308,-0.11661555456030304,-0.01657078928963404,-0.8243192634676854
2025-03-22 16:54:59.257,0.2625,0.173,0.9430000000000001,0.5537363752301306,-0.11661555456030304,-0.01657078928963404,-0.8243192634676855
2025-03-22 16:54:59.258,0.2495,0.20600000000000002,0.9405,0.5537363752301306,-0.11661555456030304,-0.01657078928963404,-0.8243192634676855
2025-03-22 16:54:59.263,0.233,0.262,0.884,0.5537363752301306,-0.11661555456030304,-0.01657078928963404,-0.8243192634676855
2025-03-22 16:54:59.264,0.22666666666666668,0.247,0.859,0.5537363752301309,-0.11661555456030293,-0.016570789289634034,-0.824319263467685
2025-03-22 16:54:59.386,0.256,0.2125,0.91625,0.5537363752301308,-0.11661555456030304,-0.01657078928963404,-0.8243192634676854
2025-03-22 16:54:59.387,0.269,0.242,0.927,0.5339698963697108,-0.012330690381388565,-0.15652876386820086,-0.8307965153559155
2025-03-22 16:54:59.388,0.26333333333333336,0.22333333333333336,0.9369999999999999,0.5339698963697108,-0.012330690381388565,-0.15652876386820086,-0.8307965153559154
2025-03-22 16:54:59.619,0.249,0.18725,0.9774999999999999,0.5339698963697109,-0.012330690381388454,-0.1565287638682009,-0.8307965153559154
2025-03-22 16:54:59.620,0.27,0.187,1.002,0.5339698963697108,-0.012330690381388565,-0.15652876386820086,-0.8307965153559155
2025-03-22 16:54:59.621,0.296,0.20333333333333334,0.9713333333333333,0.5339698963697108,-0.012330690381388565,-0.15652876386820086,-0.8307965153559154
2025-03-22 16:54:59.622,0.272,0.18775,0.96375,0.5339698963697109,-0.012330690381388454,-0.1565287638682009,-0.8307965153559154
2025-03-22 16:54:59.623,0.26933333333333337,0.18966666666666665,0.9199999999999999,0.5339698963697108,-0.012330690381388565,-0.15652876386820086,-0.8307965153559154
2025-03-22 16:54:59.624,0.27625,0.19175,0.90375,0.5339698963697109,-0.012330690381388454,-0.1565287638682009,-0.8307965153559154
2025-03-22 16:54:59.625,0.255,0.174,0.922,0.5339698963697108,-0.012330690381388565,-0.15652876386820086,-0.8307965153559155
2025-03-22 16:54:59.626,0.28375,0.17525,0.9365,0.5339698963697109,-0.012330690381388454,-0.1565287638682009,-0.8307965153559154
2025-03-22 16:54:59.627,0.2735,0.17875,0.954,0.5339698963697109,-0.012330690381388454,-0.1565287638682009,-0.8307965153559154
2025-03-22 16:54:59.838,0.26025,0.17825,0.9775,-0.5299975585877085,0.023378867695230343,0.14844452053414686,0.8345778817820089
2025-03-22 16:54:59.839,0.2765,0.1875,0.9675,0.5259099487684769,-0.03442196021261701,-0.14032799119797804,-0.8381777313480713
2025-03-22 16:54:59.840,0.257,0.185,0.957,0.5259099487684769,-0.03442196021261701,-0.14032799119797804,-0.8381777313480713
2025-03-22 16:54:59.841,0.264,0.189,0.938,0.5259099487684769,-0.03442196021261712,-0.14032799119797806,-0.8381777313480713
2025-03-22 16:54:59.842,0.28833333333333333,0.19566666666666666,0.957,0.525909948768477,-0.0344219602126169,-0.14032799119797804,-0.838177731348071
2025-03-22 16:55:00.106,0.2955,0.199,0.9784999999999999,0.5259099487684769,-0.03442196021261712,-0.14032799119797806,-0.8381777313480713
2025-03-22 16:55:00.107,0.27849999999999997,0.1955,0.9524999999999999,0.5259099487684769,-0.03442196021261712,-0.14032799119797806,-0.8381777313480713
2025-03-22 16:55:00.108,0.257,0.206,0.943,0.5259099487684769,-0.03442196021261712,-0.14032799119797806,-0.8381777313480713
2025-03-22 16:55:00.109,0.238,0.19366666666666665,0.9683333333333333,0.525909948768477,-0.0344219602126169,-0.14032799119797804,-0.838177731348071
2025-03-22 16:55:00.110,0.20775,0.15925,0.98675,0.5101349007212362,-0.029542021108224792,-0.12756872757498716,-0.8500681571496929
2025-03-22 16:55:00.111,0.241,0.14633333333333334,0.987,0.5101349007212362,-0.02954202110822457,-0.1275687275749871,-0.8500681571496925
2025-03-22 16:55:00.112,0.223,0.124,0.983,0.5101349007212362,-0.029542021108224792,-0.12756872757498716,-0.8500681571496929
2025-03-22 16:55:00.113,0.225,0.1435,0.9335,0.5101349007212362,-0.029542021108224792,-0.12756872757498716,-0.8500681571496929
2025-03-22 16:55:00.114,0.267,0.153,0.919,0.5101349007212362,-0.029542021108224792,-0.12756872757498716,-0.8500681571496929
2025-03-22 16:55:00.115,0.34800000000000003,0.171,0.9703333333333334,0.5101349007212362,-0.02954202110822457,-0.1275687275749871,-0.8500681571496925
2025-03-22 16:55:00.116,0.27825,0.09425,0.9375,0.5101349007212362,-0.029542021108224792,-0.12756872757498716,-0.8500681571496929
2025-03-22 16:55:00.264,0.307,0.074,0.902,0.5101349007212362,-0.029542021108224792,-0.12756872757498716,-0.8500681571496929
2025-03-22 16:55:00.265,0.25133333333333335,-0.04033333333333333,0.8856666666666667,0.5101349007212362,-0.02954202110822457,-0.1275687275749871,-0.8500681571496925
2025-03-22 16:55:00.266,0.261,-0.1355,0.9515,0.5101349007212362,-0.029542021108224792,-0.12756872757498716,-0.8500681571496929
2025-03-22 16:55:00.267,0.20325,-0.2275,1.04325,0.5101349007212362,-0.029542021108224792,-0.12756872757498716,-0.8500681571496929
2025-03-22 16:55:00.268,0.1905,-0.266,1.043,0.5101349007212362,-0.029542021108224792,-0.12756872757498716,-0.8500681571496929
2025-03-22 16:55:00.429,0.203,-0.288,1.023,0.5101349007212362,-0.029542021108224792,-0.12756872757498716,-0.8500681571496929
2025-03-22 16:55:00.430,0.15275,-0.28300000000000003,0.9704999999999999,-0.5151540811395381,0.07848524572413951,0.019273259087655408,0.8532788995240889
2025-03-22 16:55:00.431,0.15466666666666665,-0.3133333333333333,0.9326666666666666,0.512879272830066,-0.12631720961521997,0.08929509656039113,-0.8444081950020368
2025-03-22 16:55:00.432,0.23275,-0.30825,0.931,0.5128792728300658,-0.12631720961522042,0.08929509656039115,-0.844408195002037
2025-03-22 16:55:00.534,0.15075,-0.34925,0.963,0.5128792728300658,-0.12631720961522042,0.08929509656039115,-0.844408195002037
2025-03-22 16:55:00.535,0.1555,-0.4135,0.961,0.5128792728300658,-0.12631720961522042,0.08929509656039115,-0.844408195002037
2025-03-22 16:55:00.536,0.201,-0.406,0.9295,0.5128792728300658,-0.12631720961522042,0.08929509656039115,-0.844408195002037
2025-03-22 16:55:00.645,0.23,-0.384,0.915,0.5128792728300658,-0.12631720961522042,0.08929509656039115,-0.844408195002037
2025-03-22 16:55:00.646,0.13833333333333334,-0.39566666666666667,0.8993333333333333,0.512879272830066,-0.12631720961521997,0.08929509656039113,-0.8444081950020368
2025-03-22 16:55:00.916,0.2115,-0.4175,0.929,0.5128792728300658,-0.12631720961522042,0.08929509656039115,-0.844408195002037
2025-03-22 16:55:00.917,0.1835,-0.391,0.892,0.5128792728300658,-0.12631720961522042,0.08929509656039115,-0.844408195002037
2025-03-22 16:55:01.031,0.164,-0.399,0.896,0.5128792728300658,-0.12631720961522042,0.08929509656039115,-0.844408195002037
2025-03-22 16:55:01.032,0.07757142857142858,-0.44457142857142856,0.9287142857142857,0.512879272830066,-0.1263172096152202,0.08929509656039113,-0.8444081950020368
2025-03-22 16:55:01.033,0.046,-0.45925,0.91125,0.5128792728300658,-0.12631720961522042,0.08929509656039115,-0.844408195002037
2025-03-22 16:55:01.034,0.063,-0.45525,0.927,-0.532532689066173,0.11933098717030743,-0.15917046791062422,0.8226991021765031
2025-03-22 16:55:01.035,0.0665,-0.4695,0.95,0.5383843139038768,-0.11685527728595757,0.1821982282304542,-0.8144267802217442
2025-03-22 16:55:01.036,0.0885,-0.476,0.954,0.5383843139038768,-0.11685527728595757,0.1821982282304542,-0.8144267802217442
2025-03-22 16:55:01.037,0.099,-0.4755,0.9644999999999999,0.5383843139038768,-0.11685527728595757,0.18219822823045417,-0.8144267802217442
2025-03-22 16:55:01.039,0.0555,-0.46125,0.986,0.5383843139038768,-0.11685527728595757,0.18219822823045417,-0.8144267802217442
2025-03-22 16:55:01.216,0.051333333333333335,-0.38033333333333336,0.993,0.5383843139038766,-0.11685527728595746,0.18219822823045417,-0.8144267802217443
2025-03-22 16:55:01.217,0.035333333333333335,-0.3293333333333333,0.9643333333333333,0.5383843139038766,-0.11685527728595746,0.18219822823045417,-0.8144267802217443
2025-03-22 16:55:01.218,0.031,-0.3,0.9554,0.5383843139038766,-0.11685527728595768,0.18219822823045417,-0.8144267802217442
2025-03-22 16:55:01.219,0.029400000000000003,-0.28159999999999996,0.944,0.5383843139038766,-0.11685527728595768,0.18219822823045417,-0.8144267802217442
2025-03-22 16:55:01.428,0.01125,-0.25475000000000003,0.9305000000000001,-0.5408735967042995,0.07940712632050007,-0.14397663386602402,0.8248763480536245
2025-03-22 16:55:01.538,0.0017499999999999998,-0.224,0.9145000000000001,0.5417518094579516,-0.04172244977218087,0.10532618432421083,-0.832868902667008
2025-03-22 16:55:01.539,0.014750000000000001,-0.18275,0.88525,0.5417518094579516,-0.04172244977218087,0.10532618432421083,-0.832868902667008
2025-03-22 16:55:01.823,0.024,-0.16675,0.90525,0.5417518094579516,-0.04172244977218087,0.10532618432421083,-0.832868902667008
2025-03-22 16:55:01.824,0.048666666666666664,-0.14766666666666664,0.923,0.5417518094579516,-0.04172244977218087,0.1053261843242108,-0.8328689026670076
2025-03-22 16:55:01.825,0.02,-0.153,0.925,0.5417518094579518,-0.04172244977218076,0.1053261843242108,-0.8328689026670076
2025-03-22 16:55:01.951,0.041749999999999995,-0.14125,0.9225000000000001,0.5417518094579516,-0.04172244977218087,0.10532618432421083,-0.832868902667008
2025-03-22 16:55:01.954,0.049,-0.142,0.933,0.5417518094579518,-0.04172244977218076,0.1053261843242108,-0.8328689026670076
2025-03-22 16:55:01.955,0.03666666666666667,-0.155,0.943,0.5417518094579516,-0.04172244977218087,0.1053261843242108,-0.8328689026670076
2025-03-22 16:55:01.956,0.00375,-0.17149999999999999,0.944,0.5417518094579516,-0.04172244977218087,0.10532618432421083,-0.832868902667008
2025-03-22 16:55:01.957,0.01275,-0.15975,0.91725,0.5417518094579516,-0.04172244977218087,0.10532618432421083,-0.832868902667008
2025-03-22 16:55:01.958,0.072,-0.157,0.911,0.5417518094579518,-0.04172244977218076,0.1053261843242108,-0.8328689026670076
2025-03-22 16:55:01.959,0.04733333333333334,-0.21966666666666668,0.9420000000000001,0.5381158046975586,-0.05176248220770818,0.1047750243605405,-0.8347300284766589
2025-03-22 16:55:01.960,0.051,-0.29675,0.96025,0.5381158046975586,-0.05176248220770818,0.10477502436054054,-0.8347300284766591
2025-03-22 16:55:01.961,0.06075,-0.34125,1.0062499999999999,0.5381158046975586,-0.05176248220770818,0.10477502436054054,-0.8347300284766591
2025-03-22 16:55:02.064,0.083,-0.3675,0.9895,-0.5422849815044776,0.07042389454597608,-0.12561036471385556,0.8277617472365574
2025-03-22 16:55:02.067,0.058499999999999996,-0.382,0.96275,0.5459941386682998,-0.08902556638627745,0.146339149958481,-0.8200912767850254
2025-03-22 16:55:02.068,0.052000000000000005,-0.4095,0.961,0.5459941386682998,-0.08902556638627745,0.146339149958481,-0.8200912767850254
2025-03-22 16:55:02.229,0.08775,-0.41525,0.9615,0.5459941386682998,-0.08902556638627745,0.146339149958481,-0.8200912767850254
2025-03-22 16:55:02.230,0.0915,-0.41274999999999995,0.963,0.5459941386682998,-0.08902556638627745,0.146339149958481,-0.8200912767850254
2025-03-22 16:55:02.231,0.07300000000000001,-0.4075,0.946,0.5459941386682998,-0.08902556638627745,0.146339149958481,-0.8200912767850254
2025-03-22 16:55:02.356,0.056,-0.414,0.933,0.5459941386682998,-0.08902556638627745,0.146339149958481,-0.8200912767850254
2025-03-22 16:55:02.357,0.06433333333333334,-0.4203333333333333,0.9323333333333333,0.5459941386682997,-0.08902556638627745,0.146339149958481,-0.8200912767850255
2025-03-22 16:55:02.358,0.05675,-0.408,0.909,0.5459941386682998,-0.08902556638627745,0.146339149958481,-0.8200912767850254
2025-03-22 16:55:02.359,0.0535,-0.41725,0.90725,0.5459941386682998,-0.08902556638627745,0.146339149958481,-0.8200912767850254
2025-03-22 16:55:02.360,0.06733333333333334,-0.416,0.9083333333333333,0.5459941386682997,-0.08902556638627745,0.146339149958481,-0.8200912767850255
2025-03-22 16:55:02.361,0.075,-0.409,0.9,0.5459941386682998,-0.08902556638627745,0.146339149958481,-0.8200912767850254
2025-03-22 16:55:02.468,0.051,-0.41,0.895,0.5459941386682998,-0.08902556638627745,0.146339149958481,-0.8200912767850254
2025-03-22 16:55:02.469,0.032,-0.42133333333333334,0.887,-0.544649375232044,0.095786830915774,-0.15884200386130248,0.8178943445774541
2025-03-22 16:55:02.471,0.04475,-0.43074999999999997,0.8955,0.5416178339815458,-0.1092535974196529,0.18375605057996514,-0.8129867694121823
2025-03-22 16:55:02.472,0.11,-0.5465,1.06025,0.5416178339815458,-0.1092535974196529,0.18375605057996514,-0.8129867694121823
2025-03-22 16:55:02.717,0.0165,-0.4615,0.9197500000000001,0.5416178339815458,-0.1092535974196529,0.18375605057996514,-0.8129867694121823
2025-03-22 16:55:02.718,0.030000000000000002,-0.42774999999999996,0.9055,0.5416178339815458,-0.1092535974196529,0.18375605057996514,-0.8129867694121823
2025-03-22 16:55:02.719,0.03475,-0.45,0.9155,0.5416178339815458,-0.1092535974196529,0.18375605057996514,-0.8129867694121823
2025-03-22 16:55:02.720,0.064,-0.4235,0.9225000000000001,0.5416178339815458,-0.1092535974196529,0.18375605057996514,-0.8129867694121823
2025-03-22 16:55:02.721,0.07375,-0.40925,0.925,0.5416178339815458,-0.1092535974196529,0.18375605057996514,-0.8129867694121823
2025-03-22 16:55:02.722,0.07175000000000001,-0.403,0.91925,0.5416178339815458,-0.1092535974196529,0.18375605057996514,-0.8129867694121823
2025-03-22 16:55:02.921,0.0725,-0.40425,0.92125,0.5364359674820603,-0.10327499927643491,0.1610477959085606,-0.8219697894381721
2025-03-22 16:55:02.922,0.09266666666666667,-0.39599999999999996,0.9543333333333334,0.5364359674820605,-0.1032749992764348,0.1610477959085606,-0.821969789438172
2025-03-22 16:55:02.923,0.064,-0.43,0.984,0.5364359674820603,-0.10327499927643491,0.1610477959085606,-0.8219697894381721
2025-03-22 16:55:02.924,0.08225,-0.42074999999999996,1.0242499999999999,0.5364359674820603,-0.10327499927643491,0.1610477959085606,-0.8219697894381721
2025-03-22 16:55:02.925,0.1545,-0.24125,0.9145,0.5364359674820603,-0.10327499927643491,0.1610477959085606,-0.8219697894381721
2025-03-22 16:55:02.926,0.18525,-0.2055,0.9969999999999999,0.5364359674820603,-0.10327499927643491,0.1610477959085606,-0.8219697894381721
2025-03-22 16:55:03.122,0.22075,-0.1185,0.97425,0.5364359674820603,-0.10327499927643491,0.1610477959085606,-0.8219697894381721
2025-03-22 16:55:03.124,0.19575,-0.0485,1.0055,0.5364359674820603,-0.10327499927643491,0.1610477959085606,-0.8219697894381721
2025-03-22 16:55:03.126,0.24775,-0.018,1.01325,0.5364359674820603,-0.10327499927643491,0.1610477959085606,-0.8219697894381721
2025-03-22 16:55:03.127,0.238,0.08825,1.0255,0.5364359674820603,-0.10327499927643491,0.1610477959085606,-0.8219697894381721
2025-03-22 16:55:03.128,0.1875,0.17375,1.0122499999999999,0.5364359674820603,-0.10327499927643491,0.1610477959085606,-0.8219697894381721
2025-03-22 16:55:03.256,0.18775,0.173,0.9612499999999999,-0.5406969236410795,0.07487886282189704,-0.08873745278984055,0.833166044159232
2025-03-22 16:55:03.258,0.1635,0.241,0.95475,0.5325964232246763,0.015591066242437668,-0.1376394128894625,-0.8349571010783424
2025-03-22 16:55:03.259,0.193,0.24675,0.93125,0.5325964232246763,0.015591066242437668,-0.1376394128894625,-0.8349571010783424
2025-03-22 16:55:03.519,0.20875,0.328,0.896,0.5325964232246763,0.015591066242437668,-0.1376394128894625,-0.8349571010783424
2025-03-22 16:55:03.627,0.21775,0.325,0.91325,0.5325964232246763,0.015591066242437668,-0.1376394128894625,-0.8349571010783424
2025-03-22 16:55:03.628,0.21475,0.2995,0.9225,0.5325964232246763,0.015591066242437668,-0.1376394128894625,-0.8349571010783424
2025-03-22 16:55:03.774,0.2,0.33,0.9575,0.5325964232246763,0.015591066242437668,-0.13763941288946252,-0.8349571010783424
2025-03-22 16:55:03.775,0.1395,0.3055,0.9385,0.5325964232246763,0.015591066242437668,-0.13763941288946252,-0.8349571010783424
2025-03-22 16:55:03.777,0.137,0.31825000000000003,0.9157500000000001,0.5325964232246763,0.015591066242437668,-0.1376394128894625,-0.8349571010783424
2025-03-22 16:55:03.778,0.18925,0.32975,0.9592499999999999,0.5325964232246763,0.015591066242437668,-0.1376394128894625,-0.8349571010783424
2025-03-22 16:55:03.779,0.15775,0.34325,0.93375,0.5325964232246763,0.015591066242437668,-0.1376394128894625,-0.8349571010783424
2025-03-22 16:55:03.781,0.155,0.326,0.911,0.5325964232246763,0.015591066242437668,-0.13763941288946252,-0.8349571010783424
2025-03-22 16:55:03.782,0.17900000000000002,0.3213333333333333,0.9390000000000001,0.532596423224676,0.015591066242437779,-0.13763941288946255,-0.8349571010783426
2025-03-22 16:55:03.783,0.179,0.319,0.9544999999999999,0.5325964232246763,0.015591066242437668,-0.1376394128894625,-0.8349571010783424
2025-03-22 16:55:03.946,0.19375,0.3095,0.95825,0.5325964232246763,0.015591066242437668,-0.1376394128894625,-0.8349571010783424
2025-03-22 16:55:03.947,0.174,0.308,0.955,0.5325964232246763,0.015591066242437668,-0.13763941288946252,-0.8349571010783424
2025-03-22 16:55:03.948,0.184,0.3056,0.9282,0.5325964232246763,0.015591066242437668,-0.1376394128894625,-0.8349571010783423
2025-03-22 16:55:03.949,0.17800000000000002,0.29266666666666663,0.9451666666666666,0.532596423224676,0.015591066242437779,-0.13763941288946255,-0.8349571010783426
2025-03-22 16:55:04.066,0.19733333333333336,0.302,0.9256666666666667,0.532596423224676,0.015591066242437779,-0.13763941288946255,-0.8349571010783426
2025-03-22 16:55:04.067,0.196,0.286,0.958,0.530695231708565,0.0403419180415765,-0.16733795602124513,-0.8298994572628366
2025-03-22 16:55:04.231,0.181,0.294,0.96,0.530695231708565,0.0403419180415765,-0.16733795602124513,-0.8298994572628366
2025-03-22 16:55:04.232,0.16975,0.294,0.956,0.530695231708565,0.0403419180415765,-0.16733795602124513,-0.8298994572628366
2025-03-22 16:55:04.233,0.16757142857142857,0.2794285714285714,0.9598571428571427,0.5306952317085649,0.0403419180415765,-0.16733795602124513,-0.8298994572628368
2025-03-22 16:55:04.234,0.19875,0.292,0.9572499999999999,0.530695231708565,0.0403419180415765,-0.16733795602124513,-0.8298994572628366
2025-03-22 16:55:04.235,0.2125,0.285,0.97875,0.530695231708565,0.0403419180415765,-0.16733795602124513,-0.8298994572628366
2025-03-22 16:55:04.236,0.21125,0.2895,0.9644999999999999,0.530695231708565,0.0403419180415765,-0.16733795602124513,-0.8298994572628366
2025-03-22 16:55:04.338,0.238,0.30125,1.0382500000000001,0.530695231708565,0.0403419180415765,-0.16733795602124513,-0.8298994572628366
2025-03-22 16:55:04.339,0.1855,0.28900000000000003,1.029,0.530695231708565,0.0403419180415765,-0.16733795602124513,-0.8298994572628366
2025-03-22 16:55:04.340,0.15375,0.35550000000000004,0.815,0.530695231708565,0.0403419180415765,-0.16733795602124513,-0.8298994572628366
2025-03-22 16:55:04.471,0.327,0.424,0.803,0.530695231708565,0.0403419180415765,-0.16733795602124513,-0.8298994572628366
2025-03-22 16:55:04.472,0.2823333333333333,0.2006666666666667,1.0210000000000001,0.5306952317085651,0.040341918041576275,-0.16733795602124507,-0.8298994572628364
2025-03-22 16:55:04.473,0.007500000000000001,-0.07350000000000001,0.90525,0.530695231708565,0.0403419180415765,-0.16733795602124513,-0.8298994572628366
2025-03-22 16:55:04.475,0.20074999999999998,-0.007,0.81325,0.530695231708565,0.0403419180415765,-0.16733795602124513,-0.8298994572628366
2025-03-22 16:55:04.476,0.23275,-0.05475,0.91625,0.530695231708565,0.0403419180415765,-0.16733795602124513,-0.8298994572628366
2025-03-22 16:55:04.630,0.14766666666666667,-0.17666666666666667,0.9359999999999999,0.5306952317085651,0.040341918041576275,-0.16733795602124507,-0.8298994572628364
2025-03-22 16:55:04.631,0.146,-0.186,0.953,0.530695231708565,0.0403419180415765,-0.16733795602124513,-0.8298994572628366
2025-03-22 16:55:04.632,0.21880000000000002,-0.2532,0.9533999999999999,0.5306952317085649,0.0403419180415765,-0.16733795602124513,-0.8298994572628368
2025-03-22 16:55:04.633,0.2375,-0.3745,1.047,0.530695231708565,0.0403419180415765,-0.16733795602124513,-0.8298994572628366
2025-03-22 16:55:04.764,0.169,-0.381,0.998,0.530695231708565,0.0403419180415765,-0.16733795602124513,-0.8298994572628366
2025-03-22 16:55:04.765,0.3466666666666667,-0.3673333333333333,1.011,0.5306952317085651,0.040341918041576275,-0.16733795602124507,-0.8298994572628364
2025-03-22 16:55:04.766,0.216,-0.424,1.1087500000000001,0.530695231708565,0.0403419180415765,-0.16733795602124513,-0.8298994572628366
2025-03-22 16:55:04.767,0.15175,-0.342,0.894,0.530695231708565,0.0403419180415765,-0.16733795602124513,-0.8298994572628366
2025-03-22 16:55:04.768,0.1735,-0.39275,0.94275,0.530695231708565,0.0403419180415765,-0.16733795602124513,-0.8298994572628366
2025-03-22 16:55:04.924,0.18,-0.398,0.9207500000000001,0.530695231708565,0.0403419180415765,-0.16733795602124513,-0.8298994572628366
2025-03-22 16:55:04.925,0.15975,-0.41625,0.90825,0.530695231708565,0.0403419180415765,-0.16733795602124513,-0.8298994572628366
2025-03-22 16:55:04.926,0.11199999999999999,-0.448,0.919,0.530695231708565,0.0403419180415765,-0.16733795602124513,-0.8298994572628366
2025-03-22 16:55:05.033,0.121,-0.452,0.929,0.530695231708565,0.0403419180415765,-0.16733795602124513,-0.8298994572628366
2025-03-22 16:55:05.034,0.14166666666666666,-0.45133333333333336,0.9096666666666667,-0.5408445195984765,0.01700843830750387,0.05910857651868799,0.8388707259337206
2025-03-22 16:55:05.037,0.1,-0.45375,0.885,0.5357436240571215,-0.1338283992669992,0.165720400855884,-0.8170712805942573
2025-03-22 16:55:05.038,0.11125,-0.47175,0.926,0.5357436240571215,-0.1338283992669992,0.165720400855884,-0.8170712805942573
2025-03-22 16:55:05.039,0.10325000000000001,-0.46025000000000005,0.9277500000000001,0.5357436240571215,-0.1338283992669992,0.165720400855884,-0.8170712805942573
2025-03-22 16:55:05.259,0.16525,-0.48024999999999995,0.9714999999999999,0.5357436240571215,-0.1338283992669992,0.165720400855884,-0.8170712805942573
2025-03-22 16:55:05.260,0.11624999999999999,-0.47675,1.00925,0.5357436240571215,-0.1338283992669992,0.165720400855884,-0.8170712805942573
2025-03-22 16:55:05.262,0.124,-0.4465,0.99525,0.5357436240571215,-0.1338283992669992,0.165720400855884,-0.8170712805942573
2025-03-22 16:55:05.264,0.077,-0.4255,0.991,0.5357436240571215,-0.1338283992669992,0.165720400855884,-0.8170712805942573
2025-03-22 16:55:05.265,0.15533333333333332,-0.39999999999999997,1.005,0.5357436240571216,-0.13382839926699908,0.16572040085588408,-0.8170712805942575
2025-03-22 16:55:05.266,0.07,-0.396,1.001,0.5357436240571215,-0.13382839926699908,0.165720400855884,-0.8170712805942573
2025-03-22 16:55:05.394,0.04,-0.38425,0.9635,-0.5380143391640554,0.12271925444726306,-0.15870140747631556,0.8187151022833336
2025-03-22 16:55:05.395,0.085,-0.347,0.9423333333333334,0.5442477295295596,-0.08923454651781004,0.13745700346153752,-0.822761919882693
2025-03-22 16:55:05.396,0.1,-0.335,0.946,0.5442477295295596,-0.08923454651781015,0.1374570034615375,-0.8227619198826929
2025-03-22 16:55:05.529,0.057749999999999996,-0.3265,0.949,0.5442477295295596,-0.08923454651781015,0.1374570034615375,-0.8227619198826929
2025-03-22 16:55:05.664,0.0775,-0.3075,0.9575,0.5442477295295596,-0.08923454651781015,0.1374570034615375,-0.8227619198826929
2025-03-22 16:55:05.665,0.053,-0.288,0.952,0.5442477295295596,-0.08923454651781015,0.1374570034615375,-0.8227619198826929
2025-03-22 16:55:05.666,0.02366666666666667,-0.284,0.944,0.5442477295295596,-0.08923454651781004,0.13745700346153752,-0.822761919882693
2025-03-22 16:55:05.667,0.047,-0.2575,0.941,0.5442477295295596,-0.08923454651781015,0.1374570034615375,-0.8227619198826929
2025-03-22 16:55:05.668,0.057249999999999995,-0.21825,0.925,0.5442477295295596,-0.08923454651781015,0.1374570034615375,-0.8227619198826929
2025-03-22 16:55:05.669,0.03025,-0.21625,0.9265,0.5442477295295596,-0.08923454651781015,0.1374570034615375,-0.8227619198826929
2025-03-22 16:55:05.678,0.05475,-0.2125,0.9515,0.5442477295295596,-0.08923454651781015,0.1374570034615375,-0.8227619198826929
2025-03-22 16:55:05.847,0.010249999999999999,-0.16,0.9335,-0.5428708160816974,0.07496481772399566,-0.12343040331564417,0.8273067681868301
2025-03-22 16:55:05.848,0.0085,-0.149,0.9125000000000001,0.5373504976018594,-0.03189181003596242,0.08096459518693992,-0.8388576097919596
2025-03-22 16:55:05.849,0.0254,-0.1384,0.8906000000000001,0.5373504976018594,-0.03189181003596253,0.0809645951869399,-0.8388576097919594
2025-03-22 16:55:05.850,0.038,-0.153,0.912,0.5373504976018594,-0.03189181003596242,0.08096459518693992,-0.8388576097919596
2025-03-22 16:55:05.851,0.051000000000000004,-0.17099999999999999,0.9297500000000001,0.5373504976018593,-0.03189181003596253,0.08096459518693992,-0.8388576097919596
2025-03-22 16:55:05.852,0.029500000000000002,-0.18275,0.93475,0.5373504976018593,-0.03189181003596253,0.08096459518693992,-0.8388576097919596
2025-03-22 16:55:05.979,0.0615,-0.1835,0.93,0.5373504976018593,-0.03189181003596253,0.08096459518693992,-0.8388576097919596
2025-03-22 16:55:05.980,0.051333333333333335,-0.19933333333333333,0.9496666666666665,0.5373504976018593,-0.03189181003596253,0.08096459518693991,-0.8388576097919596
2025-03-22 16:55:05.981,0.024,-0.219,0.959,0.5373504976018594,-0.03189181003596242,0.08096459518693992,-0.8388576097919596
2025-03-22 16:55:05.982,0.0415,-0.232,0.9595,0.5373504976018594,-0.03189181003596242,0.08096459518693992,-0.8388576097919596
2025-03-22 16:55:05.983,0.044,-0.2255,0.9464999999999999,0.5373504976018594,-0.03189181003596242,0.08096459518693992,-0.8388576097919596
2025-03-22 16:55:06.215,0.015,-0.20675,0.90575,0.5373504976018593,-0.03189181003596253,0.08096459518693992,-0.8388576097919596
2025-03-22 16:55:06.216,0.07825,-0.24075000000000002,0.92575,0.5373504976018593,-0.03189181003596253,0.08096459518693992,-0.8388576097919596
2025-03-22 16:55:06.217,0.063,-0.30874999999999997,0.97375,0.5373504976018593,-0.03189181003596253,0.08096459518693992,-0.8388576097919596
2025-03-22 16:55:06.340,0.1035,-0.34650000000000003,0.9969999999999999,0.5373504976018593,-0.03189181003596253,0.08096459518693992,-0.8388576097919596
2025-03-22 16:55:06.342,0.051000000000000004,-0.37424999999999997,0.99375,0.5507179964058908,-0.07446378545530663,0.13940708692545936,-0.8195916649193702
2025-03-22 16:55:06.343,0.0305,-0.39325,0.96375,0.5507179964058908,-0.07446378545530663,0.13940708692545936,-0.8195916649193702
2025-03-22 16:55:06.344,0.065,-0.4025,0.9532499999999999,0.5507179964058908,-0.07446378545530663,0.13940708692545936,-0.8195916649193702
2025-03-22 16:55:06.473,0.09966666666666667,-0.4126666666666667,0.9700000000000001,0.5507179964058908,-0.07446378545530652,0.1394070869254593,-0.81959166491937
2025-03-22 16:55:06.474,0.051,-0.43,0.955,0.5507179964058908,-0.07446378545530641,0.1394070869254593,-0.81959166491937
2025-03-22 16:55:06.475,0.087,-0.443,0.95475,0.5507179964058908,-0.07446378545530663,0.13940708692545936,-0.8195916649193702
2025-03-22 16:55:06.477,0.07525,-0.45175,0.9444999999999999,0.5507179964058908,-0.07446378545530663,0.13940708692545936,-0.8195916649193702
2025-03-22 16:55:06.479,0.11649999999999999,-0.46875,0.9502499999999999,0.5507179964058908,-0.07446378545530663,0.13940708692545936,-0.8195916649193702
2025-03-22 16:55:06.480,0.0755,-0.4725,0.926,0.5507179964058908,-0.07446378545530663,0.13940708692545936,-0.8195916649193702
2025-03-22 16:55:06.632,0.114,-0.466,0.934,0.5507179964058908,-0.07446378545530641,0.1394070869254593,-0.81959166491937
2025-03-22 16:55:06.633,0.10099999999999999,-0.4586666666666667,0.9123333333333333,-0.548473116469266,0.09008485513046016,-0.15336738448523754,0.8170314588574745
2025-03-22 16:55:06.634,0.1055,-0.44825000000000004,0.8845000000000001,0.5432380431605275,-0.12122625797006503,0.18109934875267372,-0.810801855401832
2025-03-22 16:55:06.636,0.082,-0.46175,0.87475,0.5432380431605275,-0.12122625797006503,0.18109934875267372,-0.810801855401832
2025-03-22 16:55:06.637,0.12575,-0.56475,1.0625,0.5432380431605275,-0.12122625797006503,0.18109934875267372,-0.810801855401832
2025-03-22 16:55:06.766,-0.04,-0.481,0.873,0.5432380431605274,-0.12122625797006537,0.18109934875267375,-0.8108018554018321
2025-03-22 16:55:06.767,0.019,-0.454,0.8673333333333333,0.5432380431605274,-0.12122625797006537,0.18109934875267378,-0.8108018554018322
2025-03-22 16:55:06.768,0.058499999999999996,-0.463,0.90375,0.5432380431605275,-0.12122625797006503,0.18109934875267372,-0.810801855401832
2025-03-22 16:55:06.769,0.09025,-0.451,0.896,0.5432380431605275,-0.12122625797006503,0.18109934875267372,-0.810801855401832
2025-03-22 16:55:06.770,0.08533333333333333,-0.4403333333333333,0.903,0.5432380431605274,-0.12122625797006537,0.18109934875267378,-0.8108018554018322
2025-03-22 16:55:06.771,0.088,-0.422,0.907,0.5432380431605274,-0.12122625797006537,0.18109934875267375,-0.8108018554018321
2025-03-22 16:55:06.930,0.11666666666666665,-0.435,0.9116666666666667,0.5432380431605274,-0.12122625797006537,0.18109934875267378,-0.8108018554018322
2025-03-22 16:55:06.931,0.138,-0.442,0.912,0.5432380431605274,-0.12122625797006537,0.18109934875267375,-0.8108018554018321
2025-03-22 16:55:06.932,0.14475,-0.4235,0.9095,0.5432380431605275,-0.12122625797006503,0.18109934875267372,-0.810801855401832
2025-03-22 16:55:06.933,0.14925,-0.4475,0.9277500000000001,0.5432380431605275,-0.12122625797006503,0.18109934875267372,-0.810801855401832
2025-03-22 16:55:07.037,0.1595,-0.433,0.9275,-0.5459948402891336,0.1298187384663504,-0.1676456557828837,0.8105132100205249
2025-03-22 16:55:07.038,0.13125,-0.42175,0.908,0.5486083051333412,-0.13837713948977415,0.15414795317593272,-0.8100117920975105
2025-03-22 16:55:07.261,0.15375,-0.4135,0.93025,0.5486083051333412,-0.13837713948977415,0.15414795317593272,-0.8100117920975105
2025-03-22 16:55:07.264,0.11575,-0.37725,0.96825,0.5486083051333412,-0.13837713948977415,0.15414795317593272,-0.8100117920975105
2025-03-22 16:55:07.266,0.07050000000000001,-0.302,0.8745,0.5486083051333412,-0.13837713948977437,0.15414795317593277,-0.8100117920975105
2025-03-22 16:55:07.267,0.209,-0.31,0.9390000000000001,0.5486083051333412,-0.13837713948977437,0.15414795317593277,-0.8100117920975105
2025-03-22 16:55:07.268,0.273,-0.24075,0.992,0.5486083051333412,-0.13837713948977415,0.15414795317593272,-0.8100117920975105
2025-03-22 16:55:07.269,0.31375,-0.113,0.94975,0.5486083051333412,-0.13837713948977415,0.15414795317593272,-0.8100117920975105
2025-03-22 16:55:07.271,0.28500000000000003,-0.0865,1.0645,0.5486083051333412,-0.13837713948977415,0.15414795317593272,-0.8100117920975105
2025-03-22 16:55:07.272,0.24625000000000002,0.0385,0.98275,0.5486083051333412,-0.13837713948977415,0.15414795317593272,-0.8100117920975105
2025-03-22 16:55:07.437,0.279,0.021,1.007,0.5486083051333412,-0.13837713948977437,0.15414795317593277,-0.8100117920975105
2025-03-22 16:55:07.438,0.29,0.079,1.0086666666666666,0.5486083051333414,-0.13837713948977437,0.15414795317593274,-0.8100117920975105
2025-03-22 16:55:07.439,0.213,0.14975,0.98375,0.5486083051333412,-0.13837713948977415,0.15414795317593272,-0.8100117920975105
2025-03-22 16:55:07.532,0.22075,0.15675,1.0027499999999998,0.5486083051333412,-0.13837713948977415,0.15414795317593272,-0.8100117920975105
2025-03-22 16:55:07.668,0.21175,0.24925,0.976,0.5486083051333412,-0.13837713948977415,0.15414795317593272,-0.8100117920975105
2025-03-22 16:55:07.669,0.21050000000000002,0.252,0.91,0.5486083051333412,-0.13837713948977437,0.15414795317593277,-0.8100117920975105
2025-03-22 16:55:07.670,0.2265,0.278,0.944,0.5486083051333412,-0.13837713948977437,0.15414795317593277,-0.8100117920975105
2025-03-22 16:55:07.671,0.20375,0.33125,0.948,0.5486083051333412,-0.13837713948977415,0.15414795317593272,-0.8100117920975105
2025-03-22 16:55:07.673,0.16725,0.31375,0.903,0.5486083051333412,-0.13837713948977415,0.15414795317593272,-0.8100117920975105
2025-03-22 16:55:07.674,0.16975,0.37175,0.86875,0.5181277063245593,0.07211385621127975,-0.19956067129331378,-0.8285643065895082
2025-03-22 16:55:07.675,0.17075,0.379,0.86725,0.5181277063245593,0.07211385621127975,-0.19956067129331378,-0.8285643065895082
2025-03-22 16:55:07.848,0.178,0.37,0.845,0.5181277063245593,0.07211385621127975,-0.1995606712933138,-0.8285643065895082
2025-03-22 16:55:07.849,0.16933333333333334,0.39433333333333337,0.86,0.5181277063245593,0.07211385621127975,-0.19956067129331376,-0.828564306589508
2025-03-22 16:55:07.850,0.17175,0.37825,0.8325,0.5181277063245593,0.07211385621127975,-0.19956067129331378,-0.8285643065895082
2025-03-22 16:55:07.851,0.22525,0.349,0.97525,0.5181277063245593,0.07211385621127975,-0.19956067129331378,-0.8285643065895082
2025-03-22 16:55:07.852,0.214,0.33399999999999996,0.985,0.5181277063245593,0.07211385621127975,-0.1995606712933138,-0.8285643065895082
2025-03-22 16:55:07.853,0.202,0.344,0.9715,0.5181277063245593,0.07211385621127975,-0.1995606712933138,-0.8285643065895082
2025-03-22 16:55:08.027,0.20775,0.35624999999999996,0.9462499999999999,0.5181277063245593,0.07211385621127975,-0.19956067129331378,-0.8285643065895082
2025-03-22 16:55:08.029,0.18175,0.3475,0.96225,0.5212385495645263,0.0573131391867826,-0.1923005327905504,-0.8294854330323684
2025-03-22 16:55:08.030,0.16849999999999998,0.34275,0.90425,0.5212385495645263,0.0573131391867826,-0.1923005327905504,-0.8294854330323684
2025-03-22 16:55:08.031,0.202,0.336,0.949,0.5212385495645263,0.0573131391867826,-0.1923005327905504,-0.8294854330323684
2025-03-22 16:55:08.032,0.19799999999999998,0.3353333333333333,0.9673333333333334,0.5212385495645264,0.0573131391867826,-0.1923005327905504,-0.8294854330323683
2025-03-22 16:55:08.033,0.1955,0.35124999999999995,0.9257500000000001,0.5212385495645263,0.0573131391867826,-0.1923005327905504,-0.8294854330323684
2025-03-22 16:55:08.252,0.19425,0.3415,0.935,0.5212385495645263,0.0573131391867826,-0.1923005327905504,-0.8294854330323684
2025-03-22 16:55:08.253,0.1835,0.338,0.93575,0.5212385495645263,0.0573131391867826,-0.1923005327905504,-0.8294854330323684
2025-03-22 16:55:08.255,0.1855,0.34325,0.9135,0.5212385495645263,0.0573131391867826,-0.1923005327905504,-0.8294854330323684
2025-03-22 16:55:08.256,0.21075,0.34675,0.9295,-0.5216366529178392,-0.05694068264815666,0.19179071928676195,0.8293788525081297
2025-03-22 16:55:08.258,0.1895,0.3455,0.9339999999999999,0.5228291864469135,0.055823116272889606,-0.1902606211199795,-0.8290562812860667
2025-03-22 16:55:08.535,0.20274999999999999,0.33625000000000005,0.9395,0.5228291864469135,0.055823116272889606,-0.1902606211199795,-0.8290562812860667
2025-03-22 16:55:08.657,0.1765,0.335,0.93525,0.5228291864469135,0.055823116272889606,-0.1902606211199795,-0.8290562812860667
2025-03-22 16:55:08.658,0.17099999999999999,0.33375,0.90525,0.5228291864469135,0.055823116272889606,-0.1902606211199795,-0.8290562812860667
2025-03-22 16:55:08.660,0.19674999999999998,0.328,0.94425,0.5228291864469135,0.055823116272889606,-0.1902606211199795,-0.8290562812860667
2025-03-22 16:55:08.662,0.2165,0.33375,0.9217500000000001,0.5228291864469135,0.055823116272889606,-0.1902606211199795,-0.8290562812860667
2025-03-22 16:55:08.663,0.1965,0.329,0.906,0.5228291864469135,0.055823116272889606,-0.1902606211199795,-0.8290562812860667
2025-03-22 16:55:08.664,0.1915,0.32,0.895,0.5228291864469135,0.055823116272889606,-0.1902606211199795,-0.8290562812860667
2025-03-22 16:55:08.665,0.1625,0.31275,0.853,0.5228291864469135,0.055823116272889606,-0.1902606211199795,-0.8290562812860667
2025-03-22 16:55:08.825,0.152,0.252,0.84,0.5228291864469135,0.055823116272889606,-0.1902606211199795,-0.8290562812860667
2025-03-22 16:55:08.826,0.13333333333333333,0.24433333333333332,0.8556666666666667,0.5230401633929824,0.03555205026408759,-0.15506894272712915,-0.8373282881888992
2025-03-22 16:55:08.827,0.28725,0.1725,0.85925,0.5230401633929823,0.03555205026408759,-0.15506894272712915,-0.8373282881888993
2025-03-22 16:55:08.828,0.25025000000000003,-0.00825,0.9842500000000001,0.5230401633929823,0.03555205026408759,-0.15506894272712915,-0.8373282881888993
2025-03-22 16:55:08.829,0.18675,-0.13225,1.08725,0.5230401633929823,0.03555205026408759,-0.15506894272712915,-0.8373282881888993
2025-03-22 16:55:08.830,0.20825,-0.179,0.995,0.5230401633929823,0.03555205026408759,-0.15506894272712915,-0.8373282881888993
2025-03-22 16:55:08.932,0.2885,-0.324,1.0987500000000001,0.5230401633929823,0.03555205026408759,-0.15506894272712915,-0.8373282881888993
2025-03-22 16:55:08.933,0.2255,-0.324,0.9035,0.5230401633929823,0.03555205026408759,-0.15506894272712915,-0.8373282881888993
2025-03-22 16:55:09.174,0.252,-0.39325,0.921,0.5230401633929823,0.03555205026408759,-0.15506894272712915,-0.8373282881888993
2025-03-22 16:55:09.177,0.24024999999999996,-0.39425,0.9277500000000001,-0.5319475706062687,0.00876335348142998,0.08855961023072208,0.8420879889878677
2025-03-22 16:55:09.179,0.13824999999999998,-0.3975,0.9385,0.537433342714946,-0.1452063068461884,0.12042523051252077,-0.8219356997030463
2025-03-22 16:55:09.180,0.136,-0.412,0.962,0.537433342714946,-0.14520630684618852,0.12042523051252078,-0.8219356997030463
2025-03-22 16:55:09.181,0.11699999999999999,-0.43933333333333335,0.934,0.5374333427149458,-0.14520630684618863,0.12042523051252081,-0.8219356997030465
2025-03-22 16:55:09.182,0.15125,-0.41674999999999995,0.92225,0.537433342714946,-0.1452063068461884,0.12042523051252077,-0.8219356997030463
2025-03-22 16:55:09.337,0.17099999999999999,-0.424,0.8865000000000001,0.537433342714946,-0.1452063068461884,0.12042523051252077,-0.8219356997030463
2025-03-22 16:55:09.338,0.1115,-0.4645,0.9097500000000001,0.537433342714946,-0.1452063068461884,0.12042523051252077,-0.8219356997030463
2025-03-22 16:55:09.339,0.09575,-0.48524999999999996,0.95025,0.537433342714946,-0.1452063068461884,0.12042523051252077,-0.8219356997030463
2025-03-22 16:55:09.340,0.15016666666666667,-0.49899999999999994,0.9914999999999999,0.5374333427149458,-0.14520630684618874,0.1204252305125208,-0.8219356997030464
2025-03-22 16:55:09.341,0.0964,-0.483,0.9975999999999999,0.5374333427149459,-0.14520630684618852,0.12042523051252076,-0.8219356997030464
2025-03-22 16:55:09.342,0.092,-0.47,0.994,0.537433342714946,-0.14520630684618852,0.12042523051252078,-0.8219356997030463
2025-03-22 16:55:09.445,0.082,-0.457,0.985,0.537433342714946,-0.14520630684618852,0.12042523051252078,-0.8219356997030463
2025-03-22 16:55:09.446,0.09066666666666667,-0.4243333333333334,0.9773333333333333,0.5591064105182736,-0.10785509475280086,0.13428634328610184,-0.811008309612228
2025-03-22 16:55:09.447,0.1535,-0.36,0.9615,0.5591064105182735,-0.10785509475280086,0.1342863432861018,-0.811008309612228
2025-03-22 16:55:09.668,0.169,-0.311,0.943,0.5591064105182736,-0.10785509475280075,0.13428634328610184,-0.8110083096122281
2025-03-22 16:55:09.669,0.11566666666666665,-0.297,0.94,0.5591064105182736,-0.10785509475280086,0.13428634328610184,-0.811008309612228
2025-03-22 16:55:09.670,0.125,-0.281,0.937,0.5591064105182736,-0.10785509475280075,0.13428634328610184,-0.8110083096122281
2025-03-22 16:55:09.671,0.15333333333333332,-0.25533333333333336,0.9346666666666668,0.5591064105182736,-0.10785509475280086,0.13428634328610184,-0.811008309612228
2025-03-22 16:55:09.672,0.14575,-0.23625000000000002,0.9504999999999999,0.5591064105182735,-0.10785509475280086,0.1342863432861018,-0.811008309612228
2025-03-22 16:55:09.673,0.139,-0.237,0.966,0.5591064105182736,-0.10785509475280075,0.13428634328610184,-0.8110083096122281
2025-03-22 16:55:09.674,0.15633333333333332,-0.225,0.9706666666666667,0.5591064105182736,-0.10785509475280086,0.13428634328610184,-0.811008309612228
2025-03-22 16:55:09.675,0.0905,-0.20875,0.96,0.5591064105182735,-0.10785509475280086,0.1342863432861018,-0.811008309612228
2025-03-22 16:55:09.677,0.1065,-0.1895,0.95575,0.5591064105182735,-0.10785509475280086,0.1342863432861018,-0.811008309612228
2025-03-22 16:55:09.678,0.0905,-0.157,0.9345000000000001,0.5591064105182735,-0.10785509475280086,0.1342863432861018,-0.811008309612228
2025-03-22 16:55:09.939,0.09725,-0.14375,0.9365,0.5591064105182735,-0.10785509475280086,0.1342863432861018,-0.811008309612228
2025-03-22 16:55:09.940,0.099,-0.12825,0.9375,0.5591064105182735,-0.10785509475280086,0.1342863432861018,-0.811008309612228
2025-03-22 16:55:09.942,0.08525,-0.12125000000000001,0.9410000000000001,0.5591064105182735,-0.10785509475280086,0.1342863432861018,-0.811008309612228
2025-03-22 16:55:09.943,0.07775,-0.0965,0.9225000000000001,0.5591064105182735,-0.10785509475280086,0.1342863432861018,-0.811008309612228
2025-03-22 16:55:09.944,0.06425,-0.0965,0.9255,0.5591064105182735,-0.10785509475280086,0.1342863432861018,-0.811008309612228
2025-03-22 16:55:10.073,0.066,-0.13,0.96,0.5591064105182736,-0.10785509475280075,0.13428634328610184,-0.8110083096122281
2025-03-22 16:55:10.074,0.11533333333333333,-0.127,0.968,0.5591064105182736,-0.10785509475280086,0.13428634328610184,-0.811008309612228
2025-03-22 16:55:10.075,0.09575,-0.122,0.9432499999999999,-0.5590405120949913,0.09027782987267063,-0.11350843890069971,0.8163574300319544
2025-03-22 16:55:10.076,0.09,-0.14475,0.947,0.5562446717275276,-0.03696230392666333,0.05045314483496119,-0.8286616519662475
2025-03-22 16:55:10.078,0.1,-0.16699999999999998,0.9515,0.5562446717275276,-0.03696230392666333,0.05045314483496119,-0.8286616519662475
2025-03-22 16:55:10.079,0.13625,-0.177,0.9564999999999999,0.5562446717275276,-0.03696230392666333,0.05045314483496119,-0.8286616519662475
2025-03-22 16:55:10.329,0.16575,-0.188,0.9735,0.5562446717275276,-0.03696230392666333,0.05045314483496119,-0.8286616519662475
2025-03-22 16:55:10.330,0.118,-0.21625,0.99675,0.5562446717275276,-0.03696230392666333,0.05045314483496119,-0.8286616519662475
2025-03-22 16:55:10.331,0.03725,-0.242,0.973,0.5562446717275276,-0.03696230392666333,0.05045314483496119,-0.8286616519662475
2025-03-22 16:55:10.332,0.08325,-0.267,0.98075,0.5562446717275276,-0.03696230392666333,0.05045314483496119,-0.8286616519662475
2025-03-22 16:55:10.333,0.0565,-0.281,0.9695,0.5562446717275276,-0.03696230392666333,0.05045314483496119,-0.8286616519662475
2025-03-22 16:55:10.457,0.032,-0.2895,0.9632499999999999,0.5562446717275276,-0.03696230392666333,0.05045314483496119,-0.8286616519662475
2025-03-22 16:55:10.458,0.07200000000000001,-0.2895,0.93675,0.5562446717275276,-0.03696230392666333,0.05045314483496119,-0.8286616519662475
2025-03-22 16:55:10.459,0.11983333333333333,-0.32516666666666666,0.9700000000000001,0.5562446717275277,-0.03696230392666322,0.05045314483496118,-0.8286616519662474
2025-03-22 16:55:10.460,0.183,-0.359,0.999,0.5562446717275276,-0.03696230392666333,0.05045314483496119,-0.8286616519662475
2025-03-22 16:55:10.592,0.16299999999999998,-0.359,0.9915,0.5562446717275276,-0.03696230392666333,0.05045314483496119,-0.8286616519662475
2025-03-22 16:55:10.593,0.1235,-0.3675,0.9764999999999999,0.5562446717275276,-0.03696230392666333,0.05045314483496119,-0.8286616519662475
2025-03-22 16:55:10.594,0.151,-0.395,0.96975,0.5562446717275276,-0.03696230392666333,0.05045314483496119,-0.8286616519662475
2025-03-22 16:55:10.596,0.145,-0.40325,0.93975,0.5562446717275276,-0.03696230392666333,0.05045314483496119,-0.8286616519662475
2025-03-22 16:55:10.861,0.17400000000000002,-0.39333333333333337,0.9226666666666667,0.5562446717275277,-0.03696230392666322,0.05045314483496118,-0.8286616519662474
2025-03-22 16:55:10.862,0.154,-0.385,0.909,0.5562446717275276,-0.03696230392666333,0.05045314483496119,-0.8286616519662475
2025-03-22 16:55:10.863,0.24775,-0.498,1.0979999999999999,0.5618938227276057,-0.12280739228802584,0.14151851858858708,-0.8057084989476436
2025-03-22 16:55:10.864,0.10475000000000001,-0.38575,0.901,0.5618938227276057,-0.12280739228802584,0.14151851858858708,-0.8057084989476436
2025-03-22 16:55:10.865,0.07433333333333333,-0.4083333333333334,0.9316666666666666,0.5618938227276058,-0.12280739228802573,0.14151851858858705,-0.8057084989476436
2025-03-22 16:55:10.866,0.103,-0.431,0.923,0.5618938227276057,-0.12280739228802584,0.14151851858858708,-0.8057084989476436
2025-03-22 16:55:10.867,0.1475,-0.40700000000000003,0.91825,0.5618938227276057,-0.12280739228802584,0.14151851858858708,-0.8057084989476436
2025-03-22 16:55:10.868,0.14275,-0.39,0.9215,0.5618938227276057,-0.12280739228802584,0.14151851858858708,-0.8057084989476436
2025-03-22 16:55:11.036,0.09625,-0.3965,0.93125,0.5618938227276057,-0.12280739228802584,0.14151851858858708,-0.8057084989476436
2025-03-22 16:55:11.037,0.078,-0.4,0.931,0.5618938227276057,-0.12280739228802584,0.14151851858858708,-0.8057084989476436
2025-03-22 16:55:11.038,0.11640000000000002,-0.39,0.9336,0.561893822727606,-0.12280739228802529,0.141518518588587,-0.8057084989476433
2025-03-22 16:55:11.039,0.14400000000000002,-0.366,0.9245000000000001,0.5618938227276057,-0.12280739228802584,0.14151851858858708,-0.8057084989476436
2025-03-22 16:55:11.140,0.125,-0.354,0.935,0.5618938227276057,-0.12280739228802584,0.14151851858858708,-0.8057084989476436
2025-03-22 16:55:11.141,0.13266666666666668,-0.359,0.949,0.5618938227276058,-0.12280739228802573,0.14151851858858705,-0.8057084989476436
2025-03-22 16:55:11.339,0.16675,-0.36324999999999996,0.93425,0.5469101479949572,-0.11136613897147185,0.12265676135821665,-0.8206352368767957
2025-03-22 16:55:11.340,0.15325,-0.35675,0.96575,0.5469101479949572,-0.11136613897147185,0.12265676135821665,-0.8206352368767957
2025-03-22 16:55:11.341,0.15025,-0.36475,0.947,0.5469101479949572,-0.11136613897147185,0.12265676135821665,-0.8206352368767957
2025-03-22 16:55:11.342,0.1945,-0.34075,0.985,0.5469101479949572,-0.11136613897147185,0.12265676135821665,-0.8206352368767957
2025-03-22 16:55:11.344,0.23199999999999998,-0.254,1.02075,0.5469101479949572,-0.11136613897147185,0.12265676135821665,-0.8206352368767957
2025-03-22 16:55:11.345,0.2623333333333333,-0.126,0.9616666666666666,0.5469101479949574,-0.1113661389714714,0.12265676135821657,-0.8206352368767953
2025-03-22 16:55:11.346,0.27149999999999996,-0.065,0.977,0.5469101479949572,-0.11136613897147185,0.12265676135821667,-0.8206352368767957
2025-03-22 16:55:11.470,0.272,0.02,0.9862500000000001,0.5469101479949572,-0.11136613897147185,0.12265676135821665,-0.8206352368767957
2025-03-22 16:55:11.471,0.27949999999999997,0.17825,0.99625,0.5469101479949572,-0.11136613897147185,0.12265676135821665,-0.8206352368767957
2025-03-22 16:55:11.652,0.2535,0.20950000000000002,0.97075,0.5469101479949572,-0.11136613897147185,0.12265676135821665,-0.8206352368767957
2025-03-22 16:55:11.784,0.25866666666666666,0.26333333333333336,0.9663333333333334,0.5469101479949574,-0.1113661389714714,0.12265676135821657,-0.8206352368767953
2025-03-22 16:55:11.785,0.267,0.245,0.96,0.5469101479949572,-0.11136613897147185,0.12265676135821667,-0.8206352368767957
2025-03-22 16:55:11.786,0.246,0.25675,1.0242499999999999,0.5469101479949572,-0.11136613897147185,0.12265676135821665,-0.8206352368767957
2025-03-22 16:55:11.787,0.20825,0.29974999999999996,0.93025,0.5469101479949572,-0.11136613897147185,0.12265676135821665,-0.8206352368767957
2025-03-22 16:55:11.788,0.2,0.3485,0.8775,0.5469101479949572,-0.11136613897147185,0.12265676135821665,-0.8206352368767957
2025-03-22 16:55:11.790,0.1935,0.34175,0.88675,0.5469101479949572,-0.11136613897147185,0.12265676135821665,-0.8206352368767957
2025-03-22 16:55:11.930,0.18925,0.36724999999999997,0.84975,-0.5419313814475513,-0.029519268419005096,0.12259891819842565,0.830908235517576
2025-03-22 16:55:11.931,0.24125,0.35025,0.9259999999999999,-0.5314716867945037,-0.07310150804237558,0.19844339265495115,0.8202525437749815
2025-03-22 16:55:11.932,0.1875,0.36375,0.917,0.5324138658466638,0.06955442422637104,-0.1958124552627386,-0.8205821956932325
2025-03-22 16:55:11.933,0.17925000000000002,0.36624999999999996,0.9065000000000001,0.5324138658466638,0.06955442422637104,-0.1958124552627386,-0.8205821956932325
2025-03-22 16:55:12.034,0.1855,0.34450000000000003,0.956,0.5324138658466638,0.06955442422637104,-0.1958124552627386,-0.8205821956932325
2025-03-22 16:55:12.035,0.1795,0.344,0.9715,0.5324138658466638,0.06955442422637104,-0.1958124552627386,-0.8205821956932325
2025-03-22 16:55:12.036,0.192,0.36875,0.93525,0.5324138658466638,0.06955442422637104,-0.1958124552627386,-0.8205821956932325
2025-03-22 16:55:12.037,0.15775,0.35575,0.92325,0.5324138658466638,0.06955442422637104,-0.1958124552627386,-0.8205821956932325
2025-03-22 16:55:12.257,0.17,0.352,0.921,0.5324138658466638,0.06955442422637104,-0.1958124552627386,-0.8205821956932325
2025-03-22 16:55:12.258,0.22633333333333336,0.3666666666666667,0.9193333333333333,0.5324138658466638,0.06955442422637126,-0.19581245526273866,-0.8205821956932327
2025-03-22 16:55:12.259,0.23675,0.37725,0.9117500000000001,0.5324138658466638,0.06955442422637104,-0.1958124552627386,-0.8205821956932325
2025-03-22 16:55:12.260,0.13025,0.34125,0.9415,0.5324138658466638,0.06955442422637104,-0.1958124552627386,-0.8205821956932325
2025-03-22 16:55:12.414,0.149,0.335,0.904,0.5324138658466638,0.06955442422637104,-0.1958124552627386,-0.8205821956932325
2025-03-22 16:55:12.415,0.17633333333333334,0.3456666666666666,0.9273333333333333,0.5324138658466638,0.06955442422637126,-0.19581245526273866,-0.8205821956932327
2025-03-22 16:55:12.416,0.1635,0.34550000000000003,0.9515,0.5324138658466638,0.06955442422637104,-0.1958124552627386,-0.8205821956932325
2025-03-22 16:55:12.417,0.165,0.3485,0.946,0.5324138658466638,0.06955442422637104,-0.1958124552627386,-0.8205821956932325
2025-03-22 16:55:12.418,0.15775,0.35375,0.94825,0.5324138658466638,0.06955442422637104,-0.1958124552627386,-0.8205821956932325
2025-03-22 16:55:12.419,0.16825,0.3615,0.926,-0.5263847601662369,-0.06885650910351238,0.19345328756762184,0.8250779908275883
2025-03-22 16:55:12.420,0.186,0.36,0.949,0.5203226948793497,0.06815428252710531,-0.19108200678582576,-0.8295221236648292
2025-03-22 16:55:12.421,0.1785,0.36,0.9484999999999999,0.5203226948793496,0.06815428252710531,-0.19108200678582574,-0.8295221236648294
2025-03-22 16:55:12.422,0.16133333333333333,0.3516666666666666,0.9456666666666665,0.5203226948793496,0.06815428252710543,-0.1910820067858258,-0.8295221236648294
2025-03-22 16:55:12.423,0.16725,0.36424999999999996,0.9095,0.5203226948793496,0.06815428252710531,-0.19108200678582574,-0.8295221236648294
2025-03-22 16:55:12.640,0.18725,0.376,0.9105000000000001,0.5203226948793496,0.06815428252710531,-0.19108200678582574,-0.8295221236648294
2025-03-22 16:55:12.641,0.16425,0.36175,0.9247500000000001,0.5203226948793496,0.06815428252710531,-0.19108200678582574,-0.8295221236648294
2025-03-22 16:55:12.642,0.1625,0.367,0.914,0.5203226948793497,0.06815428252710531,-0.19108200678582576,-0.8295221236648292
2025-03-22 16:55:12.643,0.159,0.363,0.9125000000000001,0.5203226948793497,0.06815428252710531,-0.19108200678582576,-0.8295221236648292
2025-03-22 16:55:12.644,0.1615,0.362,0.9257500000000001,0.5203226948793496,0.06815428252710531,-0.19108200678582574,-0.8295221236648294
2025-03-22 16:55:12.645,0.1745,0.3705,0.9205000000000001,-0.5208125140478213,-0.06885963070373069,0.19394804448288028,0.8284906954889721
2025-03-22 16:55:12.774,0.16225,0.3615,0.93875,0.5209746272344448,0.06909459245906935,-0.1949029544702286,-0.8281450437028663
2025-03-22 16:55:12.776,0.181,0.3625,0.94225,0.5209746272344448,0.06909459245906935,-0.1949029544702286,-0.8281450437028663
2025-03-22 16:55:12.778,0.1665,0.35424999999999995,0.9390000000000001,0.5209746272344448,0.06909459245906935,-0.1949029544702286,-0.8281450437028663
2025-03-22 16:55:12.779,0.1655,0.36224999999999996,0.92325,0.5209746272344448,0.06909459245906935,-0.1949029544702286,-0.8281450437028663
2025-03-22 16:55:12.954,0.1795,0.36275,0.9277500000000001,0.5209746272344448,0.06909459245906935,-0.1949029544702286,-0.8281450437028663
2025-03-22 16:55:12.956,0.1745,0.361,0.953,0.5209746272344448,0.06909459245906935,-0.1949029544702286,-0.8281450437028663
2025-03-22 16:55:12.957,0.1515,0.35924999999999996,0.92,0.5209746272344448,0.06909459245906935,-0.1949029544702286,-0.8281450437028663
2025-03-22 16:55:12.959,0.1605,0.3565,0.9217500000000001,0.5209746272344448,0.06909459245906935,-0.1949029544702286,-0.8281450437028663
2025-03-22 16:55:13.123,0.1805,0.364,0.9432499999999999,0.5209746272344448,0.06909459245906935,-0.1949029544702286,-0.8281450437028663
2025-03-22 16:55:13.124,0.18925,0.3665,0.949,0.5209746272344448,0.06909459245906935,-0.1949029544702286,-0.8281450437028663
2025-03-22 16:55:13.125,0.1655,0.36124999999999996,0.93825,0.5209746272344448,0.06909459245906935,-0.1949029544702286,-0.8281450437028663
2025-03-22 16:55:13.325,0.17,0.356,0.945,0.5209746272344448,0.06909459245906935,-0.1949029544702286,-0.8281450437028661
2025-03-22 16:55:13.326,0.17400000000000002,0.35566666666666663,0.949,0.5209746272344448,0.06909459245906946,-0.1949029544702286,-0.8281450437028661
2025-03-22 16:55:13.450,0.17149999999999999,0.36,0.93425,0.5211773011808117,0.06564343864436062,-0.19313011686469994,-0.8287134110515268
2025-03-22 16:55:13.451,0.15975,0.3615,0.92425,0.5211773011808117,0.06564343864436062,-0.19313011686469994,-0.8287134110515268
2025-03-22 16:55:13.742,0.17425,0.36075,0.9127500000000001,0.5211773011808117,0.06564343864436062,-0.19313011686469994,-0.8287134110515268
2025-03-22 16:55:13.877,0.1765,0.358,0.9115,0.5211773011808116,0.06564343864436062,-0.19313011686469994,-0.828713411051527
2025-03-22 16:55:13.878,0.1555,0.36,0.911,0.5211773011808116,0.06564343864436062,-0.19313011686469994,-0.828713411051527
2025-03-22 16:55:13.879,0.14775,0.35475,0.90325,0.5211773011808117,0.06564343864436062,-0.19313011686469994,-0.8287134110515268
2025-03-22 16:55:13.880,0.161,0.36324999999999996,0.93825,0.5211773011808117,0.06564343864436062,-0.19313011686469994,-0.8287134110515268
2025-03-22 16:55:13.882,0.1675,0.36375,0.9584999999999999,0.5211773011808117,0.06564343864436062,-0.19313011686469994,-0.8287134110515268
2025-03-22 16:55:14.123,0.17275000000000001,0.35824999999999996,0.9357500000000001,0.5211773011808117,0.06564343864436062,-0.19313011686469994,-0.8287134110515268
2025-03-22 16:55:14.124,0.174,0.3435,0.954,-0.5210331352340216,-0.058736961043235336,0.1829715941062998,0.8316224126043084
2025-03-22 16:55:14.125,0.165,0.33466666666666667,0.9443333333333334,0.5209666315050594,0.05643288481558417,-0.17957917998111775,-0.8325625601040271
2025-03-22 16:55:14.126,0.16925,0.33875,0.9317500000000001,0.5205718589054724,0.05753352104128784,-0.18061105336444527,-0.8325109495225144
2025-03-22 16:55:14.127,0.16660000000000003,0.33740000000000003,0.9252,0.5205718589054725,0.057533521041287616,-0.18061105336444527,-0.8325109495225143
2025-03-22 16:55:14.128,0.16,0.33175,0.9267500000000001,0.5205718589054724,0.05753352104128784,-0.18061105336444527,-0.8325109495225144
2025-03-22 16:55:14.129,0.1635,0.3345,0.91925,0.5205718589054724,0.05753352104128784,-0.18061105336444527,-0.8325109495225144
2025-03-22 16:55:14.328,0.17174999999999999,0.339,0.9562499999999999,0.5205718589054724,0.05753352104128784,-0.18061105336444527,-0.8325109495225144
2025-03-22 16:55:14.329,0.15,0.33275,0.96,0.5205718589054724,0.05753352104128784,-0.18061105336444527,-0.8325109495225144
2025-03-22 16:55:14.331,0.17225000000000001,0.33325000000000005,0.9632499999999999,0.5205718589054724,0.05753352104128784,-0.18061105336444527,-0.8325109495225144
2025-03-22 16:55:14.332,0.16925,0.34299999999999997,0.93225,0.5205718589054724,0.05753352104128784,-0.18061105336444527,-0.8325109495225144
2025-03-22 16:55:14.334,0.17325000000000002,0.34375,0.9612499999999999,0.5205718589054724,0.05753352104128784,-0.18061105336444527,-0.8325109495225144
2025-03-22 16:55:14.574,0.1585,0.3435,0.941,0.5205718589054724,0.05753352104128773,-0.18061105336444525,-0.8325109495225143
2025-03-22 16:55:14.575,0.153,0.3315,0.954,-0.5128902230436114,-0.06014148660079244,0.18061945597318443,0.8370801830288855
2025-03-22 16:55:14.576,0.13225,0.35824999999999996,0.93475,0.505164126277596,0.06274423867649204,-0.1806122012268799,-0.8415768525827463
2025-03-22 16:55:14.577,0.1215,0.33899999999999997,0.9375,0.505164126277596,0.06274423867649204,-0.1806122012268799,-0.8415768525827463
2025-03-22 16:55:14.578,0.129,0.3225,0.9484999999999999,0.505164126277596,0.06274423867649204,-0.1806122012268799,-0.8415768525827463
2025-03-22 16:55:14.579,0.15325,0.38575,0.9844999999999999,0.505164126277596,0.06274423867649204,-0.1806122012268799,-0.8415768525827463
2025-03-22 16:55:14.580,0.16349999999999998,0.35225,1.056,0.505164126277596,0.06274423867649204,-0.1806122012268799,-0.8415768525827463
2025-03-22 16:55:14.754,0.128,0.35333333333333333,0.911,0.505164126277596,0.06274423867649204,-0.1806122012268799,-0.8415768525827463
2025-03-22 16:55:14.755,0.1385,0.37,0.8775,0.505164126277596,0.06274423867649204,-0.1806122012268799,-0.8415768525827463
2025-03-22 16:55:14.756,0.19366666666666665,0.26566666666666666,0.9,0.505164126277596,0.06274423867649204,-0.1806122012268799,-0.8415768525827463
2025-03-22 16:55:14.757,0.196,0.03825,0.9837499999999999,0.5209673021892189,-0.003200167710303292,-0.09964522207957491,-0.8477344269834892
2025-03-22 16:55:14.758,0.111,-0.067,1.009,0.5209673021892189,-0.003200167710303292,-0.09964522207957492,-0.8477344269834892
2025-03-22 16:55:14.759,0.17266666666666666,-0.011000000000000001,0.9346666666666668,0.5209673021892187,-0.0032001677103036252,-0.09964522207957498,-0.8477344269834898
2025-03-22 16:55:14.760,0.24125,0.07525,0.917,0.5209673021892189,-0.003200167710303292,-0.09964522207957491,-0.8477344269834892
2025-03-22 16:55:14.761,0.2365,0.0295,0.9515,0.5209673021892189,-0.003200167710303292,-0.09964522207957492,-0.8477344269834892
2025-03-22 16:55:14.762,0.2245,0.032,0.959,0.5209673021892189,-0.003200167710303292,-0.09964522207957492,-0.8477344269834892
2025-03-22 16:55:14.978,0.198,0.043,0.985,0.5209673021892189,-0.003200167710303292,-0.09964522207957492,-0.8477344269834892
2025-03-22 16:55:14.979,0.16366666666666665,-0.02966666666666667,1.0650000000000002,0.5209673021892187,-0.0032001677103036252,-0.09964522207957498,-0.8477344269834898
2025-03-22 16:55:14.980,0.16125,-0.06075,1.077,0.5209673021892189,-0.003200167710303292,-0.09964522207957491,-0.8477344269834892
2025-03-22 16:55:14.982,0.1595,-0.03075,1.0255,0.5209673021892189,-0.003200167710303292,-0.09964522207957491,-0.8477344269834892
2025-03-22 16:55:14.983,0.16475,-0.09,1.053,0.5209673021892189,-0.003200167710303292,-0.09964522207957491,-0.8477344269834892
2025-03-22 16:55:15.159,0.19175,-0.066,0.97625,0.5209673021892189,-0.003200167710303292,-0.09964522207957491,-0.8477344269834892
2025-03-22 16:55:15.160,0.19399999999999998,-0.03166666666666667,0.9413333333333332,0.5209673021892187,-0.0032001677103036252,-0.09964522207957498,-0.8477344269834898
2025-03-22 16:55:15.161,0.173,-0.032,0.932,0.5209673021892189,-0.003200167710303292,-0.09964522207957492,-0.8477344269834892
2025-03-22 16:55:15.163,0.16999999999999998,-0.050749999999999997,0.93,0.5581932425899531,-0.05255218821882568,-0.00418017405812925,-0.8280344785002438
2025-03-22 16:55:15.164,0.146,-0.059,0.923,0.5581932425899531,-0.05255218821882579,-0.004180174058129249,-0.8280344785002437
2025-03-22 16:55:15.165,0.13275,-0.10825,0.9635,0.5581932425899531,-0.05255218821882568,-0.00418017405812925,-0.8280344785002438
2025-03-22 16:55:15.166,0.15833333333333333,-0.118,0.9823333333333334,0.5581932425899532,-0.05255218821882568,-0.004180174058129249,-0.8280344785002437
2025-03-22 16:55:15.167,0.1605,-0.107,0.9935,0.5581932425899531,-0.05255218821882568,-0.00418017405812925,-0.8280344785002438
2025-03-22 16:55:15.384,0.15525,-0.1505,1.048,0.5581932425899531,-0.05255218821882568,-0.00418017405812925,-0.8280344785002438
2025-03-22 16:55:15.385,0.148,-0.142,1.028,0.5581932425899531,-0.05255218821882579,-0.004180174058129249,-0.8280344785002437
2025-03-22 16:55:15.386,0.14466666666666667,-0.134,1.0143333333333333,0.5581932425899532,-0.05255218821882568,-0.004180174058129249,-0.8280344785002437
2025-03-22 16:55:15.387,0.146,-0.13933333333333334,1.0119999999999998,0.5581932425899532,-0.05255218821882568,-0.004180174058129249,-0.8280344785002437
2025-03-22 16:55:15.388,0.1742,-0.1356,1.0074,0.5581932425899531,-0.05255218821882568,-0.004180174058129248,-0.8280344785002436
2025-03-22 16:55:15.390,0.15225,-0.1325,0.999,0.5581932425899531,-0.05255218821882568,-0.00418017405812925,-0.8280344785002438
2025-03-22 16:55:15.392,0.177,-0.1255,0.98325,0.5581932425899531,-0.05255218821882568,-0.00418017405812925,-0.8280344785002438
2025-03-22 16:55:15.562,0.184,-0.12725,0.98025,0.5530360084848078,-0.06015282890067308,0.01492070169905306,-0.830849073632056
2025-03-22 16:55:15.563,0.195,-0.10875,0.982,0.5530360084848078,-0.06015282890067308,0.01492070169905306,-0.830849073632056
