时间,加速度X(g),加速度Y(g),加速度Z(g),四元数0(),四元数1(),四元数2(),四元数3()
2025-03-23 14:52:48.387,-0.38525,-0.39075000000000004,0.888,0.5951761024369785,0.03909171443209525,0.27299197251658647,-0.7547931027057614
2025-03-23 14:52:48.389,-0.3875,-0.38175000000000003,0.89275,0.5951761024369785,0.03909171443209525,0.27299197251658647,-0.7547931027057614
2025-03-23 14:52:48.433,-0.381,-0.359,0.8945000000000001,0.5951761024369785,0.03909171443209525,0.27299197251658647,-0.7547931027057614
2025-03-23 14:52:48.436,-0.35524999999999995,-0.3435,0.8665,0.5951761024369785,0.03909171443209525,0.27299197251658647,-0.7547931027057614
2025-03-23 14:52:48.448,-0.356,-0.33475,0.84425,-0.592143792423954,-0.043397888854906475,-0.2694726320173415,0.7581997447443258
2025-03-23 14:52:48.525,-0.376,-0.3495,0.84775,0.591126238981756,0.04483274847071017,0.26829644790814505,-0.7593265504983464
2025-03-23 14:52:48.534,-0.405,-0.37175,0.8745,0.591126238981756,0.04483274847071017,0.26829644790814505,-0.7593265504983464
2025-03-23 14:52:48.558,-0.4235,-0.381,0.89175,0.591126238981756,0.04483274847071017,0.26829644790814505,-0.7593265504983464
2025-03-23 14:52:48.718,-0.4135,-0.3805,0.8955,0.591126238981756,0.04483274847071017,0.26829644790814505,-0.7593265504983464
2025-03-23 14:52:48.719,-0.3995,-0.378,0.9,0.591126238981756,0.04483274847071017,0.26829644790814505,-0.7593265504983464
2025-03-23 14:52:48.722,-0.386,-0.35875,0.89625,0.591126238981756,0.04483274847071017,0.26829644790814505,-0.7593265504983464
2025-03-23 14:52:48.760,-0.375,-0.31675,0.85325,0.591126238981756,0.04483274847071017,0.26829644790814505,-0.7593265504983464
2025-03-23 14:52:48.783,-0.37075,-0.3235,0.8525,0.591126238981756,0.04483274847071017,0.26829644790814505,-0.7593265504983464
2025-03-23 14:52:48.825,-0.396,-0.3175,0.829,0.591126238981756,0.04483274847071017,0.26829644790814505,-0.7593265504983464
2025-03-23 14:52:48.915,-0.431,-0.3095,0.825,0.591126238981756,0.04483274847071017,0.26829644790814505,-0.7593265504983464
2025-03-23 14:52:48.939,-0.431,-0.306,0.824,0.591126238981756,0.04483274847071017,0.26829644790814505,-0.7593265504983464
2025-03-23 14:52:48.940,-0.43933333333333335,-0.3173333333333333,0.8436666666666666,0.591126238981756,0.04483274847071017,0.26829644790814505,-0.7593265504983464
2025-03-23 14:52:49.010,-0.443,-0.34725,0.84875,0.591126238981756,0.04483274847071017,0.26829644790814505,-0.7593265504983464
2025-03-23 14:52:49.030,-0.39,-0.3585,0.874,0.591126238981756,0.04483274847071017,0.26829644790814505,-0.7593265504983464
2025-03-23 14:52:49.051,-0.3875,-0.3265,0.844,0.591126238981756,0.04483274847071017,0.26829644790814505,-0.7593265504983464
2025-03-23 14:52:49.055,-0.373,-0.3205,0.853,-0.5886142445528874,-0.04475912402448767,-0.26123911605265504,0.7637303294815664
2025-03-23 14:52:49.112,-0.3855,-0.331,0.87975,0.5860578010730748,0.044682119604704695,0.2541620567935464,-0.7680764355684255
2025-03-23 14:52:49.120,-0.374,-0.335,0.873,0.5860578010730748,0.044682119604704584,0.25416205679354636,-0.7680764355684252
2025-03-23 14:52:49.121,-0.33,-0.35200000000000004,0.8729999999999999,0.5860578010730747,0.04468211960470447,0.2541620567935463,-0.7680764355684253
2025-03-23 14:52:49.225,-0.3216666666666667,-0.363,0.9073333333333333,0.5860578010730747,0.04468211960470447,0.2541620567935463,-0.7680764355684253
2025-03-23 14:52:49.226,-0.357,-0.356,0.923,0.5860578010730748,0.044682119604704584,0.25416205679354636,-0.7680764355684252
2025-03-23 14:52:49.230,-0.38925,-0.3605,0.916,0.5860578010730748,0.044682119604704695,0.2541620567935464,-0.7680764355684255
2025-03-23 14:52:49.238,-0.3135,-0.35524999999999995,0.86775,0.5860578010730748,0.044682119604704695,0.2541620567935464,-0.7680764355684255
2025-03-23 14:52:49.256,-0.31625000000000003,-0.34924999999999995,0.84525,0.5860578010730748,0.044682119604704695,0.2541620567935464,-0.7680764355684255
2025-03-23 14:52:49.276,-0.365,-0.365,0.832,0.5860578010730748,0.044682119604704584,0.25416205679354636,-0.7680764355684252
2025-03-23 14:52:49.277,-0.36233333333333334,-0.38466666666666666,0.851,0.5860578010730747,0.04468211960470447,0.2541620567935463,-0.7680764355684253
2025-03-23 14:52:49.321,-0.38375000000000004,-0.41175,0.9005000000000001,-0.5906086731367253,-0.03206584374883481,-0.2616131611702015,0.7627002889621106
2025-03-23 14:52:49.344,-0.4005,-0.4125,0.90125,0.5950034456969372,0.019441092801903537,0.2689951204658423,-0.7571225585630154
2025-03-23 14:52:49.366,-0.36566666666666664,-0.4023333333333334,0.8836666666666666,0.5950034456969371,0.019441092801903537,0.2689951204658423,-0.7571225585630155
2025-03-23 14:52:49.367,-0.344,-0.384,0.865,0.5950034456969372,0.019441092801903537,0.2689951204658423,-0.7571225585630154
2025-03-23 14:52:49.431,-0.333,-0.381,0.864,0.5950034456969372,0.019441092801903537,0.2689951204658423,-0.7571225585630154
2025-03-23 14:52:49.432,-0.335,-0.375,0.8583333333333334,0.5950034456969371,0.019441092801903537,0.2689951204658423,-0.7571225585630155
2025-03-23 14:52:49.457,-0.333,-0.355,0.839,0.5950034456969372,0.019441092801903537,0.2689951204658423,-0.7571225585630154
2025-03-23 14:52:49.458,-0.33433333333333337,-0.353,0.8346666666666667,0.5950034456969371,0.019441092801903537,0.2689951204658423,-0.7571225585630155
2025-03-23 14:52:49.479,-0.334,-0.37266666666666665,0.852,0.5950034456969371,0.019441092801903537,0.2689951204658423,-0.7571225585630155
2025-03-23 14:52:49.480,-0.335,-0.376,0.854,0.5950034456969372,0.019441092801903537,0.2689951204658423,-0.7571225585630154
2025-03-23 14:52:49.524,-0.335,-0.378,0.854,0.5950034456969372,0.019441092801903537,0.2689951204658423,-0.7571225585630154
2025-03-23 14:52:49.525,-0.336,-0.385,0.8573333333333334,0.5950034456969371,0.019441092801903537,0.2689951204658423,-0.7571225585630155
2025-03-23 14:52:49.569,-0.35975,-0.40375,0.87525,0.5950034456969372,0.019441092801903537,0.2689951204658423,-0.7571225585630154
2025-03-23 14:52:49.627,-0.373,-0.4076666666666666,0.8746666666666667,0.5950034456969371,0.019441092801903537,0.2689951204658423,-0.7571225585630155
2025-03-23 14:52:49.628,-0.361,-0.406,0.874,0.5950034456969372,0.019441092801903537,0.2689951204658423,-0.7571225585630154
2025-03-23 14:52:49.665,-0.359,-0.40675,0.86575,0.5950034456969372,0.019441092801903537,0.2689951204658423,-0.7571225585630154
2025-03-23 14:52:49.716,-0.355,-0.40625,0.8414999999999999,-0.5927062536679008,-0.016938978214117606,-0.2701771460422394,0.7585622437456891
2025-03-23 14:52:49.726,-0.353,-0.416,0.867,0.5857608865703345,0.009430658267360337,0.27369910441263595,-0.7628132449641268
2025-03-23 14:52:49.727,-0.3546666666666667,-0.415,0.8746666666666667,0.5857608865703345,0.009430658267360115,0.27369910441263595,-0.7628132449641266
2025-03-23 14:52:49.771,-0.351,-0.413,0.868,0.5857608865703345,0.009430658267360337,0.27369910441263595,-0.7628132449641268
2025-03-23 14:52:49.772,-0.34933333333333333,-0.411,0.852,0.5857608865703345,0.009430658267360115,0.27369910441263595,-0.7628132449641266
2025-03-23 14:52:49.819,-0.3485,-0.4025,0.84975,0.5857608865703345,0.009430658267360337,0.2736991044126359,-0.7628132449641267
2025-03-23 14:52:49.862,-0.3293333333333333,-0.408,0.8646666666666666,0.5857608865703345,0.009430658267360115,0.27369910441263595,-0.7628132449641266
2025-03-23 14:52:49.863,-0.334,-0.417,0.867,0.5857608865703345,0.009430658267360337,0.27369910441263595,-0.7628132449641268
2025-03-23 14:52:49.916,-0.33775,-0.421,0.85675,0.5857608865703345,0.009430658267360337,0.2736991044126359,-0.7628132449641267
2025-03-23 14:52:49.951,-0.3625,-0.43274999999999997,0.8494999999999999,0.5857608865703345,0.009430658267360337,0.2736991044126359,-0.7628132449641267
2025-03-23 14:52:49.973,-0.36875,-0.44575,0.88825,0.5857608865703345,0.009430658267360337,0.2736991044126359,-0.7628132449641267
2025-03-23 14:52:50.020,-0.3485,-0.4355,0.8835,0.5857608865703345,0.009430658267360337,0.2736991044126359,-0.7628132449641267
2025-03-23 14:52:50.041,-0.33025000000000004,-0.4145,0.8434999999999999,0.5857608865703345,0.009430658267360337,0.2736991044126359,-0.7628132449641267
2025-03-23 14:52:50.086,-0.33725000000000005,-0.4065,0.83875,-0.5860668307930442,-0.008638123447623713,-0.2745770917102362,0.7622719156412948
2025-03-23 14:52:50.134,-0.34833333333333333,-0.409,0.864,0.5869783909922919,0.006260409458567651,0.27720813064223493,-0.76063974921598
2025-03-23 14:52:50.135,-0.344,-0.413,0.857,0.5869783909922919,0.006260409458567651,0.27720813064223493,-0.7606397492159799
2025-03-23 14:52:50.229,-0.33275,-0.4185,0.8554999999999999,0.5869783909922919,0.006260409458567651,0.27720813064223493,-0.7606397492159799
2025-03-23 14:52:50.233,-0.3475,-0.4215,0.8625,0.5869783909922919,0.006260409458567651,0.27720813064223493,-0.7606397492159799
2025-03-23 14:52:50.242,-0.344,-0.42,0.862,0.5869783909922919,0.006260409458567651,0.27720813064223493,-0.7606397492159799
2025-03-23 14:52:50.243,-0.353,-0.42166666666666663,0.8626666666666667,0.5869783909922919,0.006260409458567651,0.27720813064223493,-0.76063974921598
2025-03-23 14:52:50.288,-0.352,-0.42,0.86,0.5869783909922919,0.006260409458567651,0.27720813064223493,-0.7606397492159799
2025-03-23 14:52:50.289,-0.3459999999999999,-0.419,0.8653333333333334,0.5869783909922919,0.006260409458567651,0.27720813064223493,-0.76063974921598
2025-03-23 14:52:50.404,-0.34275,-0.4185,0.8625,0.5869783909922919,0.006260409458567651,0.27720813064223493,-0.7606397492159799
2025-03-23 14:52:50.406,-0.33875,-0.40825,0.85775,0.5869783909922919,0.006260409458567651,0.27720813064223493,-0.7606397492159799
2025-03-23 14:52:50.425,-0.33425000000000005,-0.402,0.846,0.5869783909922919,0.006260409458567651,0.27720813064223493,-0.7606397492159799
2025-03-23 14:52:50.446,-0.3415,-0.40675,0.84525,0.5869783909922919,0.006260409458567651,0.27720813064223493,-0.7606397492159799
2025-03-23 14:52:50.501,-0.3455,-0.42274999999999996,0.86775,-0.5815238870741469,-0.008205855836122766,-0.27673457597867734,0.764970984515147
2025-03-23 14:52:50.536,-0.3465,-0.4255,0.8805000000000001,0.5649736023240354,0.01404083509156595,0.27522636934116484,-0.7777262559835655
2025-03-23 14:52:50.606,-0.33125000000000004,-0.41374999999999995,0.86125,0.5649736023240354,0.01404083509156595,0.27522636934116484,-0.7777262559835655
2025-03-23 14:52:50.627,-0.33475,-0.40375,0.8432499999999999,0.5649736023240354,0.01404083509156595,0.27522636934116484,-0.7777262559835655
2025-03-23 14:52:50.649,-0.34025,-0.406,0.85625,0.5649736023240354,0.01404083509156595,0.27522636934116484,-0.7777262559835655
2025-03-23 14:52:50.694,-0.3413333333333333,-0.4096666666666666,0.8556666666666667,0.5649736023240353,0.014040835091566062,0.2752263693411649,-0.7777262559835657
2025-03-23 14:52:50.695,-0.334,-0.416,0.853,0.5649736023240353,0.014040835091566062,0.27522636934116496,-0.7777262559835657
2025-03-23 14:52:50.785,-0.34175,-0.41874999999999996,0.8574999999999999,0.5649736023240354,0.01404083509156595,0.27522636934116484,-0.7777262559835655
2025-03-23 14:52:50.831,-0.341,-0.423,0.86625,0.5649736023240354,0.01404083509156595,0.27522636934116484,-0.7777262559835655
2025-03-23 14:52:50.852,-0.346,-0.42274999999999996,0.8694999999999999,0.5649736023240354,0.01404083509156595,0.27522636934116484,-0.7777262559835655
2025-03-23 14:52:50.875,-0.3365,-0.419,0.864,0.5649736023240353,0.014040835091566062,0.27522636934116496,-0.7777262559835657
2025-03-23 14:52:50.876,-0.334,-0.4185,0.8585,0.5649736023240353,0.014040835091566062,0.27522636934116496,-0.7777262559835657
2025-03-23 14:52:50.933,-0.338,-0.418,0.856,0.5649736023240353,0.014040835091566062,0.27522636934116496,-0.7777262559835657
2025-03-23 14:52:50.934,-0.3376666666666667,-0.4166666666666667,0.8533333333333334,0.5652708624408731,0.014010847517790137,0.2751333103264659,-0.7775437028077492
2025-03-23 14:52:50.941,-0.3385,-0.418,0.86025,0.5658651602186919,0.013950866841720422,0.2749470839279023,-0.7771782902298427
2025-03-23 14:52:50.987,-0.341,-0.421,0.863,0.5658651602186919,0.013950866841720422,0.2749470839279023,-0.7771782902298427
2025-03-23 14:52:50.988,-0.3395,-0.419,0.863,0.5658651602186919,0.013950866841720422,0.2749470839279023,-0.7771782902298427
2025-03-23 14:52:51.032,-0.3353333333333333,-0.4183333333333333,0.8596666666666666,0.5658651602186918,0.013950866841720533,0.2749470839279023,-0.7771782902298429
2025-03-23 14:52:51.033,-0.332,-0.423,0.862,0.5658651602186919,0.013950866841720422,0.2749470839279023,-0.7771782902298427
2025-03-23 14:52:51.054,-0.3385,-0.424,0.86775,0.5658651602186919,0.013950866841720422,0.2749470839279023,-0.7771782902298427
2025-03-23 14:52:51.129,-0.33425000000000005,-0.419,0.86475,0.5658651602186919,0.013950866841720422,0.2749470839279023,-0.7771782902298427
2025-03-23 14:52:51.143,-0.33,-0.415,0.856,0.5658651602186919,0.013950866841720422,0.2749470839279023,-0.7771782902298427
2025-03-23 14:52:51.144,-0.33266666666666667,-0.4126666666666667,0.8536666666666667,0.5658651602186918,0.013950866841720533,0.2749470839279023,-0.7771782902298429
2025-03-23 14:52:51.223,-0.3376666666666667,-0.409,0.85,0.5658651602186918,0.013950866841720533,0.2749470839279023,-0.7771782902298429
2025-03-23 14:52:51.224,-0.334,-0.404,0.85,0.5658651602186919,0.013950866841720422,0.2749470839279023,-0.7771782902298427
2025-03-23 14:52:51.256,-0.3355,-0.40575,0.8465,0.5658651602186919,0.013950866841720422,0.2749470839279023,-0.7771782902298427
2025-03-23 14:52:51.281,-0.34,-0.42,0.861,0.5658651602186919,0.013950866841720422,0.2749470839279023,-0.7771782902298427
2025-03-23 14:52:51.327,-0.33625000000000005,-0.42225,0.86825,-0.5654730460382751,-0.013873311645942077,-0.27522857803698986,0.7773654193877588
2025-03-23 14:52:51.346,-0.3365,-0.413,0.85725,0.5642957724843352,0.013640622993755458,0.2760726087724416,-0.777925529370407
2025-03-23 14:52:51.434,-0.34075,-0.4215,0.85825,0.5642957724843352,0.013640622993755458,0.2760726087724416,-0.777925529370407
2025-03-23 14:52:51.533,-0.34225,-0.42525,0.8674999999999999,0.5642957724843352,0.013640622993755458,0.2760726087724416,-0.777925529370407
2025-03-23 14:52:51.536,-0.34075,-0.4205,0.87325,0.5642957724843352,0.013640622993755458,0.2760726087724416,-0.777925529370407
2025-03-23 14:52:51.576,-0.33625000000000005,-0.421,0.8734999999999999,0.5642957724843352,0.013640622993755458,0.2760726087724416,-0.777925529370407
2025-03-23 14:52:51.627,-0.32725000000000004,-0.41025,0.8665,0.5642957724843352,0.013640622993755458,0.2760726087724416,-0.777925529370407
2025-03-23 14:52:51.631,-0.32875,-0.40475000000000005,0.8574999999999999,0.5642957724843352,0.013640622993755458,0.2760726087724416,-0.777925529370407
2025-03-23 14:52:51.638,-0.3355,-0.403,0.8525,0.5642957724843352,0.013640622993755458,0.2760726087724416,-0.777925529370407
2025-03-23 14:52:51.661,-0.33525000000000005,-0.40925,0.8574999999999999,0.5642957724843352,0.013640622993755458,0.2760726087724416,-0.777925529370407
2025-03-23 14:52:51.727,-0.3435,-0.41674999999999995,0.8674999999999999,0.5642957724843352,0.013640622993755458,0.2760726087724416,-0.777925529370407
2025-03-23 14:52:51.751,-0.3355,-0.4175,0.87375,0.5626196185954178,0.012970682829738678,0.27021422518082777,-0.7812011256190061
2025-03-23 14:52:51.827,-0.32075,-0.40925,0.86425,0.5626196185954178,0.012970682829738678,0.27021422518082777,-0.7812011256190061
2025-03-23 14:52:51.830,-0.321,-0.4075,0.8594999999999999,0.5626196185954178,0.012970682829738678,0.27021422518082777,-0.7812011256190061
2025-03-23 14:52:51.863,-0.326,-0.412,0.8705,0.5626196185954178,0.012970682829738345,0.27021422518082766,-0.7812011256190058
2025-03-23 14:52:51.864,-0.3295,-0.4135,0.8694999999999999,0.5626196185954178,0.012970682829738345,0.27021422518082766,-0.7812011256190058
2025-03-23 14:52:51.919,-0.332,-0.4166666666666667,0.8690000000000001,0.5626196185954178,0.012970682829738456,0.27021422518082766,-0.7812011256190059
2025-03-23 14:52:51.920,-0.331,-0.417,0.868,0.5626196185954178,0.012970682829738345,0.27021422518082766,-0.7812011256190058
2025-03-23 14:52:51.953,-0.337,-0.417,0.867,0.5626196185954178,0.012970682829738345,0.27021422518082766,-0.7812011256190058
2025-03-23 14:52:51.954,-0.3365,-0.42,0.8714999999999999,0.5626196185954178,0.012970682829738345,0.27021422518082766,-0.7812011256190058
2025-03-23 14:52:52.020,-0.329,-0.417,0.873,0.5626196185954178,0.012970682829738345,0.27021422518082766,-0.7812011256190058
2025-03-23 14:52:52.021,-0.3253333333333333,-0.4136666666666666,0.8603333333333333,0.5626196185954178,0.012970682829738456,0.27021422518082766,-0.7812011256190059
2025-03-23 14:52:52.027,-0.32325000000000004,-0.41,0.8494999999999999,0.5626196185954178,0.012970682829738678,0.27021422518082777,-0.7812011256190061
2025-03-23 14:52:52.089,-0.3375,-0.4105,0.8605,0.5626196185954178,0.012970682829738678,0.27021422518082777,-0.7812011256190061
2025-03-23 14:52:52.138,-0.319,-0.416,0.871,0.5626196185954178,0.012970682829738345,0.27021422518082766,-0.7812011256190058
2025-03-23 14:52:52.139,-0.32666666666666666,-0.41766666666666663,0.8696666666666667,0.5626196185954178,0.012970682829738456,0.27021422518082766,-0.7812011256190059
2025-03-23 14:52:52.157,-0.34199999999999997,-0.4145,0.857,-0.5621801434967942,-0.013430719052334839,-0.27263961254049757,0.7806668583444725
2025-03-23 14:52:52.230,-0.3376666666666667,-0.418,0.8616666666666667,0.5617369733471541,0.013890666998614964,0.27506320791713657,-0.780127459967566
2025-03-23 14:52:52.231,-0.336,-0.42,0.858,0.5617369733471541,0.013890666998615075,0.2750632079171367,-0.7801274599675662
2025-03-23 14:52:52.268,-0.335,-0.421,0.859,0.5617369733471541,0.013890666998615075,0.2750632079171367,-0.7801274599675662
2025-03-23 14:52:52.269,-0.33666666666666667,-0.42333333333333334,0.8636666666666667,0.5617369733471541,0.013890666998614964,0.27506320791713657,-0.780127459967566
2025-03-23 14:52:52.328,-0.34075,-0.42225,0.86,0.5617369733471542,0.013890666998614964,0.2750632079171365,-0.7801274599675659
2025-03-23 14:52:52.359,-0.338,-0.421,0.8625,0.5617369733471542,0.013890666998614964,0.2750632079171365,-0.7801274599675659
2025-03-23 14:52:52.388,-0.33925000000000005,-0.41825,0.85525,0.5617369733471542,0.013890666998614964,0.2750632079171365,-0.7801274599675659
2025-03-23 14:52:52.434,-0.33375,-0.41925,0.856,0.5617369733471542,0.013890666998614964,0.2750632079171365,-0.7801274599675659
2025-03-23 14:52:52.436,-0.3305,-0.41574999999999995,0.859,0.5617369733471542,0.013890666998614964,0.2750632079171365,-0.7801274599675659
2025-03-23 14:52:52.471,-0.329,-0.42074999999999996,0.86325,0.5617369733471542,0.013890666998614964,0.2750632079171365,-0.7801274599675659
2025-03-23 14:52:52.532,-0.3545,-0.42625,0.86275,0.5617369733471542,0.013890666998614964,0.2750632079171365,-0.7801274599675659
2025-03-23 14:52:52.561,-0.353,-0.43,0.855,0.5590135574953873,0.016450693251756077,0.27839173175828896,-0.7808529060690681
2025-03-23 14:52:52.562,-0.3453333333333333,-0.4303333333333333,0.8583333333333334,0.5590135574953874,0.016450693251756077,0.27839173175828896,-0.780852906069068
2025-03-23 14:52:52.630,-0.35024999999999995,-0.42125,0.852,0.5590135574953874,0.016450693251756077,0.2783917317582889,-0.780852906069068
2025-03-23 14:52:52.652,-0.35,-0.4135,0.8425,0.5590135574953873,0.016450693251756077,0.27839173175828896,-0.7808529060690681
2025-03-23 14:52:52.653,-0.339,-0.4145,0.8474999999999999,0.5590135574953873,0.016450693251756077,0.27839173175828896,-0.7808529060690681
2025-03-23 14:52:52.674,-0.34099999999999997,-0.41625,0.8554999999999999,0.5590135574953874,0.016450693251756077,0.2783917317582889,-0.780852906069068
2025-03-23 14:52:52.734,-0.3445,-0.42174999999999996,0.85375,0.5590135574953874,0.016450693251756077,0.2783917317582889,-0.780852906069068
2025-03-23 14:52:52.742,-0.341,-0.423,0.855,0.5590135574953873,0.016450693251756077,0.27839173175828896,-0.7808529060690681
2025-03-23 14:52:52.743,-0.34366666666666673,-0.419,0.854,0.5590135574953874,0.016450693251756077,0.27839173175828896,-0.780852906069068
2025-03-23 14:52:52.786,-0.35,-0.4225,0.8494999999999999,0.5590135574953874,0.016450693251756077,0.2783917317582889,-0.780852906069068
2025-03-23 14:52:52.854,-0.34724999999999995,-0.42625,0.8554999999999999,0.5590135574953874,0.016450693251756077,0.2783917317582889,-0.780852906069068
2025-03-23 14:52:52.877,-0.3465,-0.4255,0.861,0.5590135574953874,0.016450693251756077,0.2783917317582889,-0.780852906069068
2025-03-23 14:52:52.930,-0.342,-0.4225,0.85325,0.5590135574953874,0.016450693251756077,0.2783917317582889,-0.780852906069068
2025-03-23 14:52:52.950,-0.341,-0.426,0.854,0.5590135574953873,0.016450693251756077,0.27839173175828896,-0.7808529060690681
2025-03-23 14:52:52.951,-0.34933333333333333,-0.42333333333333334,0.8533333333333334,0.5590135574953874,0.016450693251756077,0.27839173175828896,-0.780852906069068
2025-03-23 14:52:52.989,-0.3475,-0.41774999999999995,0.85075,-0.5589237256677915,-0.017568246227315676,-0.28040940393140407,0.7801706171069033
2025-03-23 14:52:53.057,-0.34625,-0.417,0.844,0.5588930622199706,0.017940740308526326,0.281081598579575,-0.7799421836133218
2025-03-23 14:52:53.124,-0.35075,-0.42125,0.84475,0.5588930622199706,0.017940740308526326,0.281081598579575,-0.7799421836133218
2025-03-23 14:52:53.135,-0.35875,-0.43125,0.86,0.5588930622199706,0.017940740308526326,0.281081598579575,-0.7799421836133218
2025-03-23 14:52:53.146,-0.355,-0.43425,0.8625,0.5588930622199706,0.017940740308526326,0.281081598579575,-0.7799421836133218
2025-03-23 14:52:53.199,-0.3455,-0.4275,0.85775,0.5588930622199706,0.017940740308526326,0.281081598579575,-0.7799421836133218
2025-03-23 14:52:53.282,-0.3365,-0.4175,0.844,0.5588930622199706,0.017940740308526326,0.281081598579575,-0.7799421836133218
2025-03-23 14:52:53.409,-0.35125,-0.415,0.846,0.5588930622199706,0.017940740308526326,0.281081598579575,-0.7799421836133218
2025-03-23 14:52:53.414,-0.3515,-0.42574999999999996,0.85,0.5588930622199706,0.017940740308526326,0.281081598579575,-0.7799421836133218
2025-03-23 14:52:53.416,-0.36166666666666664,-0.4286666666666667,0.8583333333333334,0.5588930622199706,0.01794074030852677,0.28108159857957504,-0.7799421836133219
2025-03-23 14:52:53.417,-0.358,-0.432,0.865,0.5588930622199706,0.017940740308526326,0.281081598579575,-0.7799421836133218
2025-03-23 14:52:53.423,-0.354,-0.4275,0.86225,0.5588930622199706,0.017940740308526326,0.281081598579575,-0.7799421836133218
2025-03-23 14:52:53.483,-0.334,-0.42074999999999996,0.84,0.5588930622199706,0.017940740308526326,0.281081598579575,-0.7799421836133218
2025-03-23 14:52:53.527,-0.3385,-0.4215,0.8514999999999999,0.5588930622199706,0.017940740308526326,0.281081598579575,-0.7799421836133218
2025-03-23 14:52:53.528,-0.34450000000000003,-0.423,0.8585,0.5588930622199706,0.017940740308526326,0.281081598579575,-0.7799421836133218
2025-03-23 14:52:53.530,-0.3475,-0.4255,0.8605,0.5588930622199706,0.017940740308526326,0.281081598579575,-0.7799421836133218
2025-03-23 14:52:53.531,-0.3485,-0.4245,0.857,0.5588930622199706,0.017940740308526326,0.281081598579575,-0.7799421836133218
2025-03-23 14:52:53.573,-0.355,-0.4246666666666667,0.851,-0.5601992890842671,-0.017720925071891935,-0.2808380115355559,0.7790973858259523
2025-03-23 14:52:53.574,-0.355,-0.426,0.849,0.5608518709205157,0.01761100076122535,0.2807159519407098,-0.7786742488763623
2025-03-23 14:52:53.636,-0.357,-0.428,0.8545,0.5608518709205157,0.01761100076122535,0.2807159519407098,-0.7786742488763623
2025-03-23 14:52:53.637,-0.3575,-0.423,0.8545,0.5608518709205157,0.01761100076122535,0.2807159519407098,-0.7786742488763623
2025-03-23 14:52:53.642,-0.34725,-0.41674999999999995,0.85075,0.5608518709205157,0.01761100076122535,0.2807159519407098,-0.7786742488763623
2025-03-23 14:52:53.722,-0.332,-0.4145,0.84775,0.5608518709205157,0.01761100076122535,0.2807159519407098,-0.7786742488763623
2025-03-23 14:52:53.754,-0.33525000000000005,-0.41574999999999995,0.84475,0.5608518709205157,0.01761100076122535,0.2807159519407098,-0.7786742488763623
2025-03-23 14:52:53.776,-0.34925,-0.42525,0.8514999999999999,0.5608518709205157,0.01761100076122535,0.2807159519407098,-0.7786742488763623
2025-03-23 14:52:53.835,-0.357,-0.43,0.857,0.5608518709205157,0.01761100076122535,0.2807159519407098,-0.7786742488763623
2025-03-23 14:52:53.836,-0.3575,-0.43,0.8594999999999999,0.5608518709205157,0.01761100076122535,0.2807159519407098,-0.7786742488763623
2025-03-23 14:52:53.846,-0.3545,-0.4305,0.8605,0.5608518709205157,0.01761100076122535,0.2807159519407098,-0.7786742488763623
2025-03-23 14:52:53.925,-0.349,-0.427,0.856,0.5608518709205157,0.01761100076122535,0.2807159519407098,-0.7786742488763623
2025-03-23 14:52:53.926,-0.3403333333333333,-0.4263333333333333,0.8543333333333333,0.5608518709205159,0.017611000761225126,0.28071595194070964,-0.7786742488763618
2025-03-23 14:52:53.929,-0.331,-0.423,0.85275,0.560607003239687,0.016300785173939403,0.28080352570493367,-0.7788475154181396
2025-03-23 14:52:53.957,-0.34675,-0.4225,0.85175,0.560607003239687,0.016300785173939403,0.28080352570493367,-0.7788475154181396
2025-03-23 14:52:54.033,-0.335,-0.4255,0.854,0.560607003239687,0.01630078517393929,0.2808035257049337,-0.7788475154181397
2025-03-23 14:52:54.034,-0.34850000000000003,-0.429,0.8614999999999999,0.560607003239687,0.01630078517393929,0.2808035257049337,-0.7788475154181397
2025-03-23 14:52:54.047,-0.3546666666666667,-0.4283333333333333,0.8523333333333333,0.5606070032396869,0.016300785173939514,0.2808035257049338,-0.7788475154181399
2025-03-23 14:52:54.048,-0.349,-0.43,0.858,0.560607003239687,0.01630078517393929,0.2808035257049337,-0.7788475154181397
2025-03-23 14:52:54.120,-0.35075,-0.4275,0.85675,0.560607003239687,0.016300785173939403,0.28080352570493367,-0.7788475154181396
2025-03-23 14:52:54.136,-0.3405,-0.4235,0.84975,0.560607003239687,0.016300785173939403,0.28080352570493367,-0.7788475154181396
2025-03-23 14:52:54.158,-0.34075,-0.42225,0.85075,0.560607003239687,0.016300785173939403,0.28080352570493367,-0.7788475154181396
2025-03-23 14:52:54.239,-0.344,-0.4215,0.8525,0.560607003239687,0.01630078517393929,0.2808035257049337,-0.7788475154181397
2025-03-23 14:52:54.240,-0.34450000000000003,-0.4235,0.8525,0.560607003239687,0.01630078517393929,0.2808035257049337,-0.7788475154181397
2025-03-23 14:52:54.327,-0.34175,-0.42374999999999996,0.8574999999999999,0.560607003239687,0.016300785173939403,0.28080352570493367,-0.7788475154181396
2025-03-23 14:52:54.339,-0.34525,-0.421,0.85025,0.560607003239687,0.016300785173939403,0.28080352570493367,-0.7788475154181396
2025-03-23 14:52:54.361,-0.34425,-0.4225,0.847,0.560607003239687,0.016300785173939403,0.28080352570493367,-0.7788475154181396
2025-03-23 14:52:54.421,-0.347,-0.426,0.851,0.560607003239687,0.01630078517393929,0.2808035257049337,-0.7788475154181397
2025-03-23 14:52:54.422,-0.34933333333333333,-0.4263333333333333,0.8543333333333333,0.5604332255253754,0.01601409281848365,0.280659967222785,-0.7790302506045127
2025-03-23 14:52:54.426,-0.3455,-0.42774999999999996,0.8534999999999999,0.5600853902543999,0.015440699970589056,0.28037271008771136,-0.7793953321941742
2025-03-23 14:52:54.452,-0.3435,-0.4285,0.851,0.5600853902543999,0.015440699970589056,0.28037271008771136,-0.7793953321941742
2025-03-23 14:52:54.453,-0.341,-0.427,0.854,0.5600853902543999,0.015440699970589056,0.28037271008771136,-0.7793953321941742
2025-03-23 14:52:54.479,-0.3455,-0.4265,0.8594999999999999,0.5600853902543999,0.015440699970589056,0.28037271008771136,-0.7793953321941742
2025-03-23 14:52:54.535,-0.339,-0.432,0.86175,0.5600853902543999,0.015440699970589056,0.28037271008771136,-0.7793953321941742
2025-03-23 14:52:54.563,-0.33925000000000005,-0.42874999999999996,0.85525,0.5600853902543999,0.015440699970589056,0.28037271008771136,-0.7793953321941742
2025-03-23 14:52:54.632,-0.339,-0.429,0.858,0.5600853902543999,0.015440699970589056,0.28037271008771136,-0.7793953321941742
2025-03-23 14:52:54.633,-0.34166666666666673,-0.427,0.8616666666666667,0.5600853902543999,0.015440699970588945,0.2803727100877113,-0.7793953321941742
2025-03-23 14:52:54.731,-0.33966666666666673,-0.423,0.8533333333333334,0.5600853902543999,0.015440699970588945,0.2803727100877113,-0.7793953321941742
2025-03-23 14:52:54.732,-0.344,-0.419,0.843,0.5600853902543999,0.015440699970589056,0.28037271008771136,-0.7793953321941742
2025-03-23 14:52:54.750,-0.34624999999999995,-0.42074999999999996,0.84375,0.5600853902543999,0.015440699970589056,0.28037271008771136,-0.7793953321941742
2025-03-23 14:52:54.789,-0.3525,-0.4225,0.851,0.5600853902543999,0.015440699970589056,0.28037271008771136,-0.7793953321941742
2025-03-23 14:52:54.790,-0.3475,-0.424,0.858,0.5600853902543999,0.015440699970589056,0.28037271008771136,-0.7793953321941742
2025-03-23 14:52:54.858,-0.34075,-0.42574999999999996,0.86025,0.560177132622915,0.015005726354893167,0.2800810655937331,-0.7794427528425742
2025-03-23 14:52:54.878,-0.33825000000000005,-0.4255,0.85675,0.5602076779401374,0.014860734217913008,0.2799838330409873,-0.7794585103718481
2025-03-23 14:52:54.940,-0.34425,-0.425,0.855,0.5602076779401374,0.014860734217913008,0.2799838330409873,-0.7794585103718481
2025-03-23 14:52:54.969,-0.3385,-0.42,0.86075,0.5602076779401374,0.014860734217913008,0.2799838330409873,-0.7794585103718481
2025-03-23 14:52:54.991,-0.34125,-0.422,0.858,0.5602076779401374,0.014860734217913008,0.2799838330409873,-0.7794585103718481
2025-03-23 14:52:55.030,-0.3516666666666666,-0.4286666666666667,0.867,0.5602076779401373,0.014860734217912897,0.2799838330409873,-0.7794585103718481
2025-03-23 14:52:55.031,-0.331,-0.393,0.814,0.5602076779401374,0.014860734217912785,0.27998383304098723,-0.7794585103718481
2025-03-23 14:52:55.138,-0.34875,-0.42374999999999996,0.9027499999999999,0.5602076779401374,0.014860734217913008,0.2799838330409873,-0.7794585103718481
2025-03-23 14:52:55.149,-0.36875,-0.41175,0.97,0.5602076779401374,0.014860734217913008,0.2799838330409873,-0.7794585103718481
2025-03-23 14:52:55.172,-0.349,-0.35800000000000004,0.9033333333333333,0.5602076779401373,0.014860734217912897,0.2799838330409873,-0.7794585103718481
2025-03-23 14:52:55.173,-0.291,-0.315,0.917,0.5602076779401374,0.014860734217912785,0.27998383304098723,-0.7794585103718481
2025-03-23 14:52:55.193,-0.292,-0.298,0.918,0.5602076779401374,0.014860734217912785,0.27998383304098723,-0.7794585103718481
2025-03-23 14:52:55.194,-0.3036666666666667,-0.288,0.9073333333333333,0.5602076779401373,0.014860734217912897,0.2799838330409873,-0.7794585103718481
2025-03-23 14:52:55.238,-0.27875,-0.24575,0.875,0.5602076779401374,0.014860734217913008,0.2799838330409873,-0.7794585103718481
2025-03-23 14:52:55.320,-0.2435,-0.2205,0.8694999999999999,0.5906712408374268,0.045262393946061796,0.19203015655154188,-0.7824213825788737
2025-03-23 14:52:55.332,-0.27749999999999997,-0.22025,0.87075,0.5906712408374268,0.045262393946061796,0.19203015655154188,-0.7824213825788737
2025-03-23 14:52:55.335,-0.30874999999999997,-0.246,0.913,0.5906712408374268,0.045262393946061796,0.19203015655154188,-0.7824213825788737
2025-03-23 14:52:55.352,-0.33425000000000005,-0.26275000000000004,0.95075,0.5906712408374268,0.045262393946061796,0.19203015655154188,-0.7824213825788737
2025-03-23 14:52:55.376,-0.32775,-0.27975,0.9315,0.5906712408374268,0.045262393946061796,0.19203015655154188,-0.7824213825788737
2025-03-23 14:52:55.443,-0.321,-0.29,0.93,0.5906712408374268,0.04526239394606191,0.1920301565515419,-0.7824213825788737
2025-03-23 14:52:55.444,-0.325,-0.2945,0.937,0.5906712408374268,0.04526239394606191,0.1920301565515419,-0.7824213825788737
2025-03-23 14:52:55.447,-0.322,-0.29125,0.955,0.5906712408374268,0.045262393946061796,0.19203015655154188,-0.7824213825788737
2025-03-23 14:52:55.527,-0.325,-0.284,0.954,0.5906712408374268,0.04526239394606191,0.1920301565515419,-0.7824213825788737
2025-03-23 14:52:55.528,-0.3236666666666667,-0.27033333333333337,0.9096666666666667,-0.588202377924464,-0.04417422741443677,-0.1980584286301861,0.7828406345386559
2025-03-23 14:52:55.576,-0.3065,-0.2705,0.8915,0.5831870360987839,0.04199194671408879,0.21008973959742178,-0.783576325990879
2025-03-23 14:52:55.634,-0.32033333333333336,-0.286,0.9066666666666667,0.583187036098784,0.04199194671408868,0.2100897395974218,-0.7835763259908791
2025-03-23 14:52:55.635,-0.33,-0.296,0.925,0.5831870360987839,0.04199194671408879,0.21008973959742178,-0.783576325990879
2025-03-23 14:52:55.640,-0.334,-0.293,0.93,0.5831870360987839,0.04199194671408879,0.21008973959742178,-0.783576325990879
2025-03-23 14:52:55.641,-0.328,-0.29266666666666663,0.9293333333333335,0.583187036098784,0.04199194671408868,0.2100897395974218,-0.7835763259908791
2025-03-23 14:52:55.738,-0.316,-0.305,0.946,0.5831870360987839,0.04199194671408879,0.21008973959742178,-0.783576325990879
2025-03-23 14:52:55.739,-0.31066666666666665,-0.297,0.9473333333333334,0.583187036098784,0.04199194671408868,0.2100897395974218,-0.7835763259908791
2025-03-23 14:52:55.743,-0.29025,-0.28974999999999995,0.92625,0.5831870360987839,0.04199194671408879,0.21008973959742178,-0.783576325990879
2025-03-23 14:52:55.746,-0.301,-0.28974999999999995,0.91525,0.5831870360987839,0.04199194671408879,0.21008973959742178,-0.783576325990879
2025-03-23 14:52:55.779,-0.31825000000000003,-0.30525,0.9225000000000001,0.5831870360987839,0.04199194671408879,0.21008973959742178,-0.783576325990879
2025-03-23 14:52:55.831,-0.34725,-0.3095,0.9372499999999999,0.5831870360987839,0.04199194671408879,0.21008973959742178,-0.783576325990879
2025-03-23 14:52:55.846,-0.34825,-0.31325000000000003,0.9137500000000001,0.5831870360987839,0.04199194671408879,0.21008973959742178,-0.783576325990879
2025-03-23 14:52:55.931,-0.3393333333333333,-0.306,0.9193333333333333,0.583187036098784,0.04199194671408868,0.2100897395974218,-0.7835763259908791
2025-03-23 14:52:55.932,-0.333,-0.292,0.911,0.5831870360987839,0.04199194671408879,0.21008973959742178,-0.783576325990879
2025-03-23 14:52:55.936,-0.313,-0.27925,0.8965000000000001,-0.5796097802069953,-0.0403204248591128,-0.21554830142379766,0.7848348206985309
2025-03-23 14:52:56.026,-0.29325,-0.27875000000000005,0.88625,0.5784113367467292,0.03976284169139099,0.21736553424607347,-0.7852461184019988
2025-03-23 14:52:56.036,-0.302,-0.2845,0.898,0.5784113367467291,0.039762841691391104,0.21736553424607352,-0.785246118401999
2025-03-23 14:52:56.037,-0.316,-0.2875,0.9055,0.5784113367467291,0.039762841691391104,0.21736553424607352,-0.785246118401999
2025-03-23 14:52:56.049,-0.33825,-0.30625,0.9177500000000001,0.5784113367467292,0.03976284169139099,0.21736553424607347,-0.7852461184019988
2025-03-23 14:52:56.119,-0.3755,-0.307,0.9317500000000001,0.5784113367467292,0.03976284169139099,0.21736553424607347,-0.7852461184019988
2025-03-23 14:52:56.143,-0.38925,-0.33025000000000004,0.9572499999999999,0.5784113367467292,0.03976284169139099,0.21736553424607347,-0.7852461184019988
2025-03-23 14:52:56.183,-0.305,-0.32975,0.90025,0.5784113367467292,0.03976284169139099,0.21736553424607347,-0.7852461184019988
2025-03-23 14:52:56.235,-0.28225,-0.3015,0.8534999999999999,0.5784113367467292,0.03976284169139099,0.21736553424607347,-0.7852461184019988
2025-03-23 14:52:56.251,-0.29725,-0.29174999999999995,0.9095,0.5784113367467292,0.03976284169139099,0.21736553424607347,-0.7852461184019988
2025-03-23 14:52:56.341,-0.33433333333333337,-0.293,0.9276666666666668,0.5784113367467292,0.03976284169139099,0.2173655342460735,-0.7852461184019989
2025-03-23 14:52:56.342,-0.375,-0.3,0.94,0.5784113367467291,0.039762841691391104,0.21736553424607352,-0.785246118401999
2025-03-23 14:52:56.363,-0.363,-0.3135,0.9392499999999999,0.5784113367467292,0.03976284169139099,0.21736553424607347,-0.7852461184019988
2025-03-23 14:52:56.430,-0.3195,-0.31625000000000003,0.89875,-0.5806418727584076,-0.03974820890138997,-0.22046279437947086,0.7827331932294272
2025-03-23 14:52:56.434,-0.311,-0.3025,0.86575,0.5828602830410538,0.039732746036891364,0.22355545051816533,-0.7802039219904566
2025-03-23 14:52:56.533,-0.33025000000000004,-0.2935,0.909,0.5828602830410538,0.039732746036891364,0.22355545051816533,-0.7802039219904566
2025-03-23 14:52:56.536,-0.31775,-0.302,0.9067500000000001,0.5828602830410538,0.039732746036891364,0.22355545051816533,-0.7802039219904566
2025-03-23 14:52:56.566,-0.31775,-0.30974999999999997,0.90325,0.5828602830410538,0.039732746036891364,0.22355545051816533,-0.7802039219904566
2025-03-23 14:52:56.635,-0.33175,-0.3135,0.90275,0.5828602830410538,0.039732746036891364,0.22355545051816533,-0.7802039219904566
2025-03-23 14:52:56.642,-0.3395,-0.31825000000000003,0.92025,0.5828602830410538,0.039732746036891364,0.22355545051816533,-0.7802039219904566
2025-03-23 14:52:56.655,-0.33375,-0.31375,0.9045000000000001,0.5828602830410538,0.039732746036891364,0.22355545051816533,-0.7802039219904566
2025-03-23 14:52:56.733,-0.328,-0.31233333333333335,0.895,0.5828602830410536,0.039732746036891475,0.2235554505181654,-0.7802039219904569
2025-03-23 14:52:56.734,-0.321,-0.321,0.898,0.5828602830410538,0.039732746036891364,0.22355545051816536,-0.7802039219904566
2025-03-23 14:52:56.756,-0.316,-0.322,0.903,0.5828602830410538,0.039732746036891364,0.22355545051816536,-0.7802039219904566
2025-03-23 14:52:56.757,-0.3176666666666667,-0.319,0.9010000000000001,0.5828602830410536,0.039732746036891475,0.2235554505181654,-0.7802039219904569
2025-03-23 14:52:56.824,-0.3275,-0.3095,0.8825000000000001,0.5774197186233402,0.035371820515955554,0.23170192522877378,-0.7820802520864528
2025-03-23 14:52:56.825,-0.3345,-0.309,0.8785000000000001,0.5774197186233402,0.035371820515955554,0.23170192522877378,-0.7820802520864528
2025-03-23 14:52:56.826,-0.3185,-0.3235,0.8995,0.5774197186233402,0.035371820515955554,0.23170192522877378,-0.7820802520864528
2025-03-23 14:52:56.827,-0.3065,-0.3315,0.906,0.5774197186233402,0.035371820515955554,0.23170192522877378,-0.7820802520864528
2025-03-23 14:52:56.858,-0.30774999999999997,-0.3185,0.87075,0.5774197186233401,0.035371820515955554,0.23170192522877378,-0.7820802520864528
2025-03-23 14:52:56.926,-0.32175,-0.33825,0.85075,0.5774197186233401,0.035371820515955554,0.23170192522877378,-0.7820802520864528
2025-03-23 14:52:56.949,-0.3355,-0.35475,0.8494999999999999,0.5774197186233401,0.035371820515955554,0.23170192522877378,-0.7820802520864528
2025-03-23 14:52:56.972,-0.28400000000000003,-0.36875,0.86,0.5774197186233401,0.035371820515955554,0.23170192522877378,-0.7820802520864528
2025-03-23 14:52:57.043,-0.26475,-0.41525,0.90925,0.5774197186233401,0.035371820515955554,0.23170192522877378,-0.7820802520864528
2025-03-23 14:52:57.061,-0.36825,-0.47,0.9734999999999999,0.5774197186233401,0.035371820515955554,0.23170192522877378,-0.7820802520864528
2025-03-23 14:52:57.162,-0.4003333333333334,-0.416,0.798,0.5774197186233402,0.03537182051595544,0.2317019252287738,-0.7820802520864528
2025-03-23 14:52:57.163,-0.427,-0.448,0.708,0.5774197186233402,0.035371820515955554,0.23170192522877378,-0.7820802520864528
2025-03-23 14:52:57.173,-0.4255,-0.45075,0.7035,0.5774197186233401,0.035371820515955554,0.23170192522877378,-0.7820802520864528
2025-03-23 14:52:57.231,-0.3755,-0.49425,0.74525,-0.5694286200185171,0.01603398274816281,-0.26071537043278264,0.7794366258530171
2025-03-23 14:52:57.234,-0.20975,-0.541,0.75575,0.5594130984479135,-0.06738278226893657,0.2888019247765834,-0.7740219597556278
2025-03-23 14:52:57.264,-0.0115,-0.6014999999999999,0.8432499999999999,0.5594130984479135,-0.06738278226893657,0.2888019247765834,-0.7740219597556278
2025-03-23 14:52:57.337,0.04,-0.6795,0.87675,0.5594130984479135,-0.06738278226893657,0.2888019247765834,-0.7740219597556278
2025-03-23 14:52:57.353,-0.11449999999999999,-0.678,0.79725,0.5594130984479135,-0.06738278226893657,0.2888019247765834,-0.7740219597556278
2025-03-23 14:52:57.377,-0.18625,-0.8385,0.96325,0.5594130984479135,-0.06738278226893657,0.2888019247765834,-0.7740219597556278
2025-03-23 14:52:57.438,-0.047,-0.612,0.6950000000000001,0.5594130984479135,-0.06738278226893657,0.2888019247765834,-0.7740219597556278
2025-03-23 14:52:57.465,0.007,-0.595,0.835,0.5594130984479135,-0.06738278226893657,0.2888019247765834,-0.7740219597556278
2025-03-23 14:52:57.466,0.014333333333333332,-0.5493333333333333,0.7883333333333334,0.5594130984479136,-0.06738278226893657,0.28880192477658334,-0.7740219597556278
2025-03-23 14:52:57.527,-0.02625,-0.62625,0.85,0.5594130984479135,-0.06738278226893657,0.2888019247765834,-0.7740219597556278
2025-03-23 14:52:57.557,-0.096,-0.66125,0.72275,0.5594130984479135,-0.06738278226893657,0.2888019247765834,-0.7740219597556278
2025-03-23 14:52:57.580,-0.28875,-0.71775,0.688,0.59775201812931,-0.17230922961199246,0.2966758912170264,-0.7245588104380773
2025-03-23 14:52:57.634,-0.19425,-0.69425,0.6785,0.59775201812931,-0.17230922961199246,0.2966758912170264,-0.7245588104380773
2025-03-23 14:52:57.668,-0.049999999999999996,-0.679,0.80025,0.59775201812931,-0.17230922961199246,0.2966758912170264,-0.7245588104380773
2025-03-23 14:52:57.735,-0.09175,-0.668,0.754,0.59775201812931,-0.17230922961199246,0.2966758912170264,-0.7245588104380773
2025-03-23 14:52:57.760,-0.095,-0.688,0.756,0.59775201812931,-0.17230922961199246,0.2966758912170264,-0.7245588104380773
2025-03-23 14:52:57.761,-0.05533333333333334,-0.6986666666666667,0.7479999999999999,0.5977520181293099,-0.17230922961199235,0.2966758912170265,-0.7245588104380775
2025-03-23 14:52:57.823,-0.137,-0.70225,0.70825,0.59775201812931,-0.17230922961199246,0.2966758912170264,-0.7245588104380773
2025-03-23 14:52:57.832,-0.0035000000000000014,-0.7144999999999999,0.7204999999999999,0.59775201812931,-0.17230922961199246,0.2966758912170264,-0.7245588104380773
2025-03-23 14:52:57.871,-0.0365,-0.72825,0.781,0.59775201812931,-0.17230922961199246,0.2966758912170264,-0.7245588104380773
2025-03-23 14:52:57.932,-0.025,-0.714,0.7785,0.59775201812931,-0.17230922961199246,0.2966758912170264,-0.7245588104380773
2025-03-23 14:52:57.933,-0.079,-0.683,0.727,0.59775201812931,-0.17230922961199246,0.2966758912170264,-0.7245588104380773
2025-03-23 14:52:57.962,-0.07625,-0.6725000000000001,0.7182499999999999,0.59775201812931,-0.17230922961199246,0.2966758912170264,-0.7245588104380773
2025-03-23 14:52:58.032,-0.03925,-0.6817500000000001,0.7175,0.59775201812931,-0.17230922961199246,0.2966758912170264,-0.7245588104380773
2025-03-23 14:52:58.033,-0.093,-0.703,0.719,0.59775201812931,-0.17230922961199246,0.2966758912170264,-0.7245588104380773
2025-03-23 14:52:58.034,-0.132,-0.726,0.7304999999999999,-0.6014702228684287,0.20081187678371404,-0.3017281598104622,0.7119468229598316
2025-03-23 14:52:58.073,-0.1175,-0.767,0.7655000000000001,0.6045804533332719,-0.22911154058167693,0.30647543747996786,-0.6986151899587416
2025-03-23 14:52:58.074,-0.08449999999999999,-0.7655000000000001,0.773,0.6045804533332719,-0.22911154058167693,0.30647543747996786,-0.6986151899587416
2025-03-23 14:52:58.136,-0.09425,-0.7595000000000001,0.77475,0.6045804533332721,-0.2291115405816766,0.3064754374799678,-0.6986151899587414
2025-03-23 14:52:58.163,-0.03975,-0.741,0.78225,0.6045804533332721,-0.2291115405816766,0.3064754374799678,-0.6986151899587414
2025-03-23 14:52:58.228,0.003,-0.702,0.744,0.6045804533332719,-0.22911154058167693,0.30647543747996786,-0.6986151899587416
2025-03-23 14:52:58.229,0.03866666666666666,-0.6880000000000001,0.7623333333333333,0.604580453333272,-0.22911154058167682,0.3064754374799679,-0.6986151899587416
2025-03-23 14:52:58.237,-0.023,-0.6912499999999999,0.743,0.6045804533332721,-0.2291115405816766,0.3064754374799678,-0.6986151899587414
2025-03-23 14:52:58.275,0.015,-0.67625,0.737,0.6045804533332721,-0.2291115405816766,0.3064754374799678,-0.6986151899587414
2025-03-23 14:52:58.347,0.028,-0.66,0.728,0.6045804533332719,-0.22911154058167693,0.30647543747996786,-0.6986151899587416
2025-03-23 14:52:58.348,0.002,-0.6533333333333333,0.7113333333333333,0.604580453333272,-0.22911154058167682,0.3064754374799679,-0.6986151899587416
2025-03-23 14:52:58.365,-0.03266666666666667,-0.6453333333333333,0.6783333333333333,0.604580453333272,-0.22911154058167682,0.3064754374799679,-0.6986151899587416
2025-03-23 14:52:58.366,-0.047,-0.648,0.681,0.6045804533332719,-0.22911154058167693,0.30647543747996786,-0.6986151899587416
2025-03-23 14:52:58.423,-0.05225,-0.638,0.66725,-0.6025369079505887,0.22794846173209815,-0.3026313906442615,0.7024265191093191
2025-03-23 14:52:58.434,-0.03425,-0.61425,0.64925,0.59627945535248,-0.22441108558674472,0.29103437668206084,-0.713715256513137
2025-03-23 14:52:58.479,-0.047,-0.62475,0.652,0.59627945535248,-0.22441108558674472,0.29103437668206084,-0.713715256513137
2025-03-23 14:52:58.546,-0.025750000000000002,-0.64175,0.67325,0.59627945535248,-0.22441108558674472,0.29103437668206084,-0.713715256513137
2025-03-23 14:52:58.568,-0.006,-0.6615,0.7,0.59627945535248,-0.22441108558674472,0.29103437668206084,-0.713715256513137
2025-03-23 14:52:58.632,-0.044,-0.72375,0.7424999999999999,0.59627945535248,-0.22441108558674472,0.29103437668206084,-0.713715256513137
2025-03-23 14:52:58.640,-0.037,-0.74525,0.7555000000000001,0.59627945535248,-0.22441108558674472,0.29103437668206084,-0.713715256513137
2025-03-23 14:52:58.734,-0.01225,-0.74075,0.7495,0.59627945535248,-0.22441108558674472,0.29103437668206084,-0.713715256513137
2025-03-23 14:52:58.747,-0.015,-0.728,0.739,0.59627945535248,-0.22441108558674472,0.29103437668206084,-0.713715256513137
2025-03-23 14:52:58.748,-0.09833333333333333,-0.7673333333333333,0.7986666666666666,0.59627945535248,-0.2244110855867446,0.2910343766820608,-0.7137152565131369
2025-03-23 14:52:58.770,-0.083,-0.7505,0.719,0.59627945535248,-0.22441108558674472,0.29103437668206084,-0.713715256513137
2025-03-23 14:52:58.830,-0.09675,-0.74675,0.7745,-0.5968083751283765,0.22370157218498687,-0.2909950540218085,0.7135119119632392
2025-03-23 14:52:58.839,0.06475,-0.7295,0.77375,0.5983921816788295,-0.22157191619219407,0.2908756433637012,-0.7128983398482021
2025-03-23 14:52:58.884,-0.02775,-0.6985,0.738,0.5983921816788295,-0.22157191619219407,0.2908756433637012,-0.7128983398482021
2025-03-23 14:52:58.950,-0.0505,-0.68925,0.7095,0.5983921816788295,-0.22157191619219407,0.2908756433637012,-0.7128983398482021
2025-03-23 14:52:58.974,-0.03225,-0.75075,0.7745,0.5983921816788295,-0.22157191619219407,0.2908756433637012,-0.7128983398482021
2025-03-23 14:52:59.024,-0.031,-0.78825,0.8422499999999999,0.5983921816788295,-0.22157191619219407,0.2908756433637012,-0.7128983398482021
2025-03-23 14:52:59.042,-0.08074999999999999,-0.7625,0.828,0.5983921816788295,-0.22157191619219407,0.2908756433637012,-0.7128983398482021
2025-03-23 14:52:59.137,-0.056999999999999995,-0.6435,0.7985,0.5983921816788295,-0.22157191619219407,0.2908756433637012,-0.7128983398482021
2025-03-23 14:52:59.154,-0.05025,-0.52675,0.8047500000000001,0.5983921816788295,-0.22157191619219407,0.2908756433637012,-0.7128983398482021
2025-03-23 14:52:59.176,-0.13174999999999998,-0.49975,0.8552500000000001,0.5983921816788295,-0.22157191619219407,0.2908756433637012,-0.7128983398482021
2025-03-23 14:52:59.228,-0.107,-0.34875,0.6597500000000001,-0.6134231289270805,0.18911407161443083,-0.26895521028754416,0.718060601672244
2025-03-23 14:52:59.243,-0.11374999999999999,-0.34,0.81375,0.6521687688682756,-0.08896528863650166,0.19978187624678426,-0.7258431485203786
2025-03-23 14:52:59.334,-0.201,-0.381,0.894,0.6521687688682756,-0.08896528863650155,0.19978187624678426,-0.7258431485203783
2025-03-23 14:52:59.335,-0.18766666666666665,-0.30266666666666664,0.896,0.6521687688682757,-0.08896528863650155,0.19978187624678426,-0.7258431485203785
2025-03-23 14:52:59.379,-0.14925,-0.22475,0.98625,0.6521687688682756,-0.08896528863650166,0.19978187624678426,-0.7258431485203786
2025-03-23 14:52:59.432,-0.145,-0.281,1.071,0.6521687688682756,-0.08896528863650155,0.19978187624678426,-0.7258431485203783
2025-03-23 14:52:59.433,-0.13633333333333333,-0.2933333333333333,1.0393333333333332,0.6521687688682757,-0.08896528863650155,0.19978187624678426,-0.7258431485203785
2025-03-23 14:52:59.435,-0.1815,-0.2695,0.9715,0.6521687688682756,-0.08896528863650166,0.19978187624678426,-0.7258431485203786
2025-03-23 14:52:59.445,-0.28325,-0.281,0.98325,0.6521687688682756,-0.08896528863650166,0.19978187624678426,-0.7258431485203786
2025-03-23 14:52:59.532,-0.26175,-0.27775,1.02675,0.6521687688682756,-0.08896528863650166,0.19978187624678426,-0.7258431485203786
2025-03-23 14:52:59.559,-0.19175,-0.24175,0.97525,0.6521687688682756,-0.08896528863650166,0.19978187624678426,-0.7258431485203786
2025-03-23 14:52:59.636,-0.21375,-0.2565,0.9615,0.6521687688682756,-0.08896528863650166,0.19978187624678426,-0.7258431485203786
2025-03-23 14:52:59.638,-0.26075000000000004,-0.23325,0.91425,0.6521687688682756,-0.08896528863650166,0.19978187624678426,-0.7258431485203786
2025-03-23 14:52:59.662,-0.19375,-0.21775,0.9137500000000001,-0.6410835201480832,0.035833158310822455,-0.1804593391465453,0.7450921633427675
2025-03-23 14:52:59.670,-0.25425,-0.22075,0.96,0.6276328072097703,0.017431188880744353,0.1604709447965706,-0.761591943788984
2025-03-23 14:52:59.741,-0.289,-0.22475,0.9425,0.6276328072097703,0.017431188880744353,0.1604709447965706,-0.761591943788984
2025-03-23 14:52:59.761,-0.23425,-0.2195,0.96075,0.6276328072097703,0.017431188880744353,0.1604709447965706,-0.761591943788984
2025-03-23 14:52:59.830,-0.27125,-0.23,0.98075,0.6276328072097703,0.017431188880744353,0.1604709447965706,-0.761591943788984
2025-03-23 14:52:59.851,-0.2235,-0.22725,0.98025,0.6276328072097703,0.017431188880744353,0.1604709447965706,-0.761591943788984
2025-03-23 14:52:59.873,-0.19725,-0.22625,0.958,0.6276328072097703,0.017431188880744353,0.1604709447965706,-0.761591943788984
2025-03-23 14:52:59.962,-0.219,-0.233,0.954,0.6276328072097703,0.017431188880744353,0.1604709447965706,-0.761591943788984
2025-03-23 14:52:59.963,-0.219,-0.25066666666666665,0.975,0.6276328072097703,0.01743118888074424,0.16047094479657065,-0.7615919437889842
2025-03-23 14:53:00.021,-0.21825,-0.2525,0.9704999999999999,0.6276328072097703,0.017431188880744353,0.1604709447965706,-0.761591943788984
2025-03-23 14:53:00.023,-0.182,-0.2535,0.9604999999999999,0.6276328072097703,0.017431188880744353,0.1604709447965706,-0.761591943788984
2025-03-23 14:53:00.024,-0.1685,-0.259,0.971,0.6276328072097703,0.017431188880744353,0.1604709447965706,-0.761591943788984
2025-03-23 14:53:00.053,-0.193,-0.265,0.965,0.6183462428622528,-0.011810501242403904,0.15631663414057237,-0.7701126838908066
2025-03-23 14:53:00.079,-0.208,-0.269,0.9624999999999999,0.6183462428622528,-0.011810501242403904,0.15631663414057237,-0.7701126838908066
2025-03-23 14:53:00.080,-0.198,-0.2715,0.9704999999999999,0.6183462428622528,-0.011810501242403904,0.15631663414057237,-0.7701126838908066
2025-03-23 14:53:00.143,-0.1805,-0.26375000000000004,0.9357500000000001,0.6183462428622528,-0.011810501242403904,0.15631663414057237,-0.7701126838908066
2025-03-23 14:53:00.224,-0.17225000000000001,-0.263,0.92625,0.6183462428622528,-0.011810501242403904,0.15631663414057237,-0.7701126838908066
2025-03-23 14:53:00.227,-0.1875,-0.2645,0.94375,0.6183462428622528,-0.011810501242403904,0.15631663414057237,-0.7701126838908066
2025-03-23 14:53:00.255,-0.1665,-0.2505,0.93,0.6183462428622528,-0.011810501242403904,0.15631663414057237,-0.7701126838908066
2025-03-23 14:53:00.256,-0.163,-0.2635,0.947,0.6183462428622528,-0.011810501242403904,0.15631663414057237,-0.7701126838908066
2025-03-23 14:53:00.280,-0.1685,-0.27725,0.97875,0.6183462428622528,-0.011810501242403904,0.15631663414057237,-0.7701126838908066
2025-03-23 14:53:00.333,-0.189,-0.297,1.01,0.6183462428622528,-0.011810501242403904,0.15631663414057237,-0.7701126838908066
2025-03-23 14:53:00.334,-0.19099999999999998,-0.2976666666666667,0.995,0.6183462428622526,-0.011810501242403904,0.15631663414057242,-0.7701126838908068
2025-03-23 14:53:00.367,-0.15933333333333333,-0.2913333333333333,0.9763333333333333,0.6183462428622526,-0.011810501242403904,0.15631663414057242,-0.7701126838908068
2025-03-23 14:53:00.368,-0.168,-0.295,0.966,0.6183462428622528,-0.011810501242403904,0.15631663414057237,-0.7701126838908066
2025-03-23 14:53:00.430,-0.178,-0.29674999999999996,0.9562499999999999,0.6183462428622528,-0.011810501242403904,0.15631663414057237,-0.7701126838908066
2025-03-23 14:53:00.435,-0.17466666666666666,-0.29466666666666663,0.9596666666666667,-0.6193714670382439,0.015921087957953106,-0.1586214415796834,0.7687423125133105
2025-03-23 14:53:00.436,-0.173,-0.32,0.997,0.621375279800532,-0.024141370673680718,0.16321926709409468,-0.7659434879441648
2025-03-23 14:53:00.521,-0.177,-0.316,1.004,0.621375279800532,-0.024141370673680718,0.16321926709409468,-0.7659434879441648
2025-03-23 14:53:00.522,-0.17733333333333334,-0.29266666666666663,0.963,0.621375279800532,-0.02414137067368083,0.16321926709409473,-0.7659434879441649
2025-03-23 14:53:00.570,-0.163,-0.292,0.9644999999999999,0.621375279800532,-0.024141370673680718,0.16321926709409468,-0.7659434879441649
2025-03-23 14:53:00.627,-0.16725,-0.2835,0.95075,0.621375279800532,-0.024141370673680718,0.16321926709409468,-0.7659434879441649
2025-03-23 14:53:00.629,-0.17075,-0.27675,0.94375,0.621375279800532,-0.024141370673680718,0.16321926709409468,-0.7659434879441649
2025-03-23 14:53:00.684,-0.17025,-0.2845,0.95575,0.621375279800532,-0.024141370673680718,0.16321926709409468,-0.7659434879441649
2025-03-23 14:53:00.726,-0.17275,-0.28375,0.9484999999999999,0.621375279800532,-0.024141370673680718,0.16321926709409468,-0.7659434879441649
2025-03-23 14:53:00.730,-0.175,-0.29225,0.95875,0.621375279800532,-0.024141370673680718,0.16321926709409468,-0.7659434879441649
2025-03-23 14:53:00.773,-0.18925,-0.29425,0.96275,0.621375279800532,-0.024141370673680718,0.16321926709409468,-0.7659434879441649
2025-03-23 14:53:00.831,-0.17075,-0.28625,0.948,0.621375279800532,-0.024141370673680718,0.16321926709409468,-0.7659434879441649
2025-03-23 14:53:00.840,-0.17,-0.27925,0.94025,-0.6208432128547628,0.02526405519806174,-0.16373007768667835,0.7662296615426991
2025-03-23 14:53:00.885,-0.1595,-0.27525,0.9277500000000001,0.6192399731375517,-0.028631848241162716,0.1652606678956402,-0.7670795164659177
2025-03-23 14:53:00.930,-0.16166666666666665,-0.25933333333333336,0.915,0.6192399731375517,-0.028631848241162716,0.16526066789564017,-0.7670795164659175
2025-03-23 14:53:00.931,-0.167,-0.235,0.874,0.6192399731375516,-0.028631848241162938,0.16526066789564023,-0.7670795164659179
2025-03-23 14:53:00.977,-0.13125,-0.32825,0.85325,0.6192399731375517,-0.028631848241162716,0.1652606678956402,-0.7670795164659177
2025-03-23 14:53:01.025,-0.041999999999999996,-0.4325,0.9285,0.6192399731375516,-0.028631848241162938,0.16526066789564023,-0.7670795164659179
2025-03-23 14:53:01.026,-0.067,-0.4205,0.969,0.6192399731375516,-0.028631848241162938,0.16526066789564023,-0.7670795164659179
2025-03-23 14:53:01.043,-0.18475,-0.375,0.82125,0.6192399731375517,-0.028631848241162716,0.1652606678956402,-0.7670795164659177
2025-03-23 14:53:01.124,-0.15966666666666665,-0.47533333333333333,0.8410000000000001,0.6192399731375517,-0.028631848241162716,0.16526066789564017,-0.7670795164659175
2025-03-23 14:53:01.125,-0.12,-0.482,0.867,0.6192399731375516,-0.028631848241162938,0.16526066789564023,-0.7670795164659179
2025-03-23 14:53:01.132,-0.16425,-0.51275,0.8534999999999999,0.6192399731375517,-0.028631848241162716,0.1652606678956402,-0.7670795164659177
2025-03-23 14:53:01.182,-0.2005,-0.603,0.8545,0.6192399731375516,-0.028631848241162938,0.16526066789564023,-0.7670795164659179
2025-03-23 14:53:01.183,-0.16999999999999998,-0.6930000000000001,0.9245000000000001,0.6192399731375516,-0.028631848241162938,0.16526066789564023,-0.7670795164659179
2025-03-23 14:53:01.229,-0.20675000000000002,-0.7145,0.8845,0.6192399731375517,-0.028631848241162716,0.1652606678956402,-0.7670795164659177
2025-03-23 14:53:01.245,-0.018,-0.6719999999999999,0.84125,-0.6097138098463287,0.06039768037336468,-0.20494432131038176,0.7632817405459266
2025-03-23 14:53:01.321,-0.16625,-0.686,0.7777499999999999,0.570740364566105,-0.15576828719457603,0.32194712825211774,-0.7391493242705645
2025-03-23 14:53:01.335,-0.11533333333333333,-0.6466666666666666,0.7396666666666666,0.5707403645661051,-0.15576828719457592,0.3219471282521178,-0.7391493242705643
2025-03-23 14:53:01.336,-0.076,-0.672,0.751,0.5707403645661051,-0.1557682871945758,0.32194712825211763,-0.7391493242705641
2025-03-23 14:53:01.380,-0.12825,-0.63625,0.7825,0.570740364566105,-0.15576828719457603,0.32194712825211774,-0.7391493242705645
2025-03-23 14:53:01.425,-0.20600000000000002,-0.618,0.746,0.570740364566105,-0.15576828719457603,0.32194712825211774,-0.7391493242705645
2025-03-23 14:53:01.448,-0.23625000000000002,-0.62375,0.754,0.570740364566105,-0.15576828719457603,0.32194712825211774,-0.7391493242705645
2025-03-23 14:53:01.523,-0.1765,-0.6315,0.7072499999999999,0.570740364566105,-0.15576828719457603,0.32194712825211774,-0.7391493242705645
2025-03-23 14:53:01.537,0.018000000000000002,-0.6775,0.841,0.5707403645661051,-0.1557682871945758,0.32194712825211763,-0.7391493242705641
2025-03-23 14:53:01.538,-0.1265,-0.6435,0.776,0.5707403645661051,-0.1557682871945758,0.32194712825211763,-0.7391493242705641
2025-03-23 14:53:01.582,-0.07600000000000001,-0.6839999999999999,0.759,0.5707403645661051,-0.1557682871945758,0.32194712825211763,-0.7391493242705641
2025-03-23 14:53:01.583,-0.0775,-0.702,0.765,0.5707403645661051,-0.1557682871945758,0.32194712825211763,-0.7391493242705641
2025-03-23 14:53:01.630,-0.048,-0.69375,0.7837500000000001,0.570740364566105,-0.15576828719457603,0.32194712825211774,-0.7391493242705645
2025-03-23 14:53:01.651,-0.057249999999999995,-0.698,0.7975,0.570740364566105,-0.15576828719457603,0.32194712825211774,-0.7391493242705645
2025-03-23 14:53:01.728,-0.1055,-0.6665000000000001,0.756,-0.5835552827127725,0.17357884145596125,-0.30553450930730935,0.7321081077540151
2025-03-23 14:53:01.740,-0.08449999999999999,-0.627,0.75125,0.5877216592464376,-0.1794827222041897,0.30001126558218566,-0.7296317182021101
2025-03-23 14:53:01.831,-0.13724999999999998,-0.62075,0.7304999999999999,0.5877216592464376,-0.1794827222041897,0.30001126558218566,-0.7296317182021101
2025-03-23 14:53:01.852,-0.17,-0.661,0.758,0.5877216592464376,-0.1794827222041897,0.3000112655821856,-0.72963171820211
2025-03-23 14:53:01.853,-0.117,-0.6716666666666667,0.7703333333333333,0.5877216592464376,-0.1794827222041897,0.30001126558218566,-0.7296317182021101
2025-03-23 14:53:01.877,-0.098,-0.67825,0.7605,0.5877216592464376,-0.1794827222041897,0.30001126558218566,-0.7296317182021101
2025-03-23 14:53:01.934,-0.1065,-0.7244999999999999,0.8130000000000001,0.5877216592464376,-0.1794827222041897,0.30001126558218566,-0.7296317182021101
2025-03-23 14:53:01.944,-0.04725,-0.69975,0.79225,0.5877216592464376,-0.1794827222041897,0.30001126558218566,-0.7296317182021101
2025-03-23 14:53:02.041,-0.09225,-0.6757500000000001,0.77425,0.5877216592464376,-0.1794827222041897,0.30001126558218566,-0.7296317182021101
2025-03-23 14:53:02.044,-0.13524999999999998,-0.651,0.75975,0.5877216592464376,-0.1794827222041897,0.30001126558218566,-0.7296317182021101
2025-03-23 14:53:02.055,-0.11725000000000001,-0.6805000000000001,0.773,0.5877216592464376,-0.1794827222041897,0.30001126558218566,-0.7296317182021101
2025-03-23 14:53:02.128,-0.14925,-0.68675,0.78075,-0.5659790661243795,0.16353400805426976,-0.31082413504608963,0.7458637154276452
2025-03-23 14:53:02.145,-0.10775,-0.7175,0.8494999999999999,0.5585959040677172,-0.15818016711972016,0.31435020503724864,-0.7510882766238515
2025-03-23 14:53:02.231,-0.05375,-0.657,0.82075,0.5585959040677172,-0.15818016711972016,0.31435020503724864,-0.7510882766238515
2025-03-23 14:53:02.236,-0.104,-0.653,0.803,0.5585959040677173,-0.15818016711971994,0.31435020503724853,-0.7510882766238511
2025-03-23 14:53:02.237,-0.11766666666666666,-0.6486666666666667,0.7863333333333333,0.5585959040677173,-0.15818016711972005,0.31435020503724853,-0.7510882766238512
2025-03-23 14:53:02.258,-0.125,-0.624,0.7515000000000001,0.5585959040677173,-0.15818016711971994,0.31435020503724853,-0.7510882766238511
2025-03-23 14:53:02.259,-0.089,-0.6005,0.727,0.5585959040677173,-0.15818016711971994,0.31435020503724853,-0.7510882766238511
2025-03-23 14:53:02.329,-0.0685,-0.5912499999999999,0.7355,0.5585959040677172,-0.15818016711972016,0.31435020503724864,-0.7510882766238515
2025-03-23 14:53:02.348,-0.05575,-0.5725,0.72725,0.5585959040677172,-0.15818016711972016,0.31435020503724864,-0.7510882766238515
2025-03-23 14:53:02.370,-0.0485,-0.5557500000000001,0.7004999999999999,0.5585959040677172,-0.15818016711972016,0.31435020503724864,-0.7510882766238515
2025-03-23 14:53:02.459,-0.058,-0.554,0.708,0.5585959040677173,-0.15818016711971994,0.31435020503724853,-0.7510882766238511
2025-03-23 14:53:02.460,-0.04766666666666667,-0.5576666666666666,0.7203333333333334,0.5585959040677173,-0.15818016711972005,0.31435020503724853,-0.7510882766238512
2025-03-23 14:53:02.484,-0.0085,-0.5640000000000001,0.739,0.5585959040677172,-0.15818016711972016,0.31435020503724864,-0.7510882766238515
2025-03-23 14:53:02.539,-0.035,-0.57775,0.749,0.5585959040677172,-0.15818016711972016,0.31435020503724864,-0.7510882766238515
2025-03-23 14:53:02.551,-0.01725,-0.60525,0.78725,0.5607585193894761,-0.1723687664329896,0.2782441511061188,-0.7605386799274102
2025-03-23 14:53:02.573,-0.06075,-0.634,0.7977500000000001,0.5607585193894761,-0.1723687664329896,0.2782441511061188,-0.7605386799274102
2025-03-23 14:53:02.643,-0.044,-0.658,0.82125,0.5607585193894761,-0.1723687664329896,0.2782441511061188,-0.7605386799274102
2025-03-23 14:53:02.663,-0.0605,-0.65575,0.81,0.5607585193894761,-0.1723687664329896,0.2782441511061188,-0.7605386799274102
2025-03-23 14:53:02.734,-0.05275,-0.63425,0.79,0.5607585193894761,-0.1723687664329896,0.2782441511061188,-0.7605386799274102
2025-03-23 14:53:02.754,-0.056749999999999995,-0.6045,0.7525,0.5607585193894761,-0.1723687664329896,0.2782441511061188,-0.7605386799274102
2025-03-23 14:53:02.843,-0.07675,-0.60725,0.723,0.5607585193894761,-0.1723687664329896,0.2782441511061188,-0.7605386799274102
2025-03-23 14:53:02.848,-0.06075,-0.6154999999999999,0.738,0.5607585193894761,-0.1723687664329896,0.2782441511061188,-0.7605386799274102
2025-03-23 14:53:02.888,-0.04033333333333333,-0.6393333333333334,0.7646666666666667,0.5607585193894762,-0.17236876643298926,0.27824415110611866,-0.7605386799274099
2025-03-23 14:53:02.889,-0.034,-0.646,0.774,0.5607585193894761,-0.17236876643298948,0.2782441511061188,-0.7605386799274102
2025-03-23 14:53:02.938,-0.05,-0.651,0.773,0.5607585193894761,-0.17236876643298948,0.2782441511061188,-0.7605386799274102
2025-03-23 14:53:02.939,-0.08349999999999999,-0.6625000000000001,0.778,0.5607585193894761,-0.17236876643298948,0.2782441511061188,-0.7605386799274102
2025-03-23 14:53:02.941,-0.061,-0.66325,0.7775000000000001,0.5523997054023655,-0.18066971554934408,0.29533588174489295,-0.7582807766973032
2025-03-23 14:53:03.023,-0.07125,-0.67475,0.7555000000000001,0.5523997054023655,-0.18066971554934408,0.29533588174489295,-0.7582807766973032
2025-03-23 14:53:03.046,-0.07875,-0.7152499999999999,0.78925,0.5523997054023655,-0.18066971554934408,0.29533588174489295,-0.7582807766973032
2025-03-23 14:53:03.068,-0.06275,-0.77275,0.876,0.5523997054023655,-0.18066971554934408,0.29533588174489295,-0.7582807766973032
2025-03-23 14:53:03.126,0.0315,-0.70325,0.838,0.5523997054023655,-0.18066971554934408,0.29533588174489295,-0.7582807766973032
2025-03-23 14:53:03.135,-0.051250000000000004,-0.62375,0.7132499999999999,0.5523997054023655,-0.18066971554934408,0.29533588174489295,-0.7582807766973032
2025-03-23 14:53:03.181,-0.2015,-0.646,0.72125,0.5523997054023655,-0.18066971554934408,0.29533588174489295,-0.7582807766973032
2025-03-23 14:53:03.231,-0.12525,-0.656,0.75025,0.5523997054023655,-0.18066971554934408,0.29533588174489295,-0.7582807766973032
2025-03-23 14:53:03.270,0.027000000000000003,-0.7002499999999999,0.85825,0.5523997054023655,-0.18066971554934408,0.29533588174489295,-0.7582807766973032
2025-03-23 14:53:03.338,-0.08399999999999999,-0.67225,0.77925,-0.5542691030608026,0.17710247197196383,-0.2928206393187454,0.7587335164618433
2025-03-23 14:53:03.361,-0.01475,-0.661,0.76925,0.5561258903809724,-0.1735311990845121,0.29029873484469904,-0.7591689940585226
2025-03-23 14:53:03.383,-0.04375,-0.6385000000000001,0.77125,0.5561258903809724,-0.1735311990845121,0.29029873484469904,-0.7591689940585226
2025-03-23 14:53:03.429,-0.059750000000000004,-0.63325,0.77075,0.5561258903809724,-0.1735311990845121,0.29029873484469904,-0.7591689940585226
2025-03-23 14:53:03.472,-0.12325,-0.7215,0.848,0.5561258903809724,-0.1735311990845121,0.29029873484469904,-0.7591689940585226
2025-03-23 14:53:03.530,-0.188,-0.7164999999999999,0.74875,0.5561258903809724,-0.1735311990845121,0.29029873484469904,-0.7591689940585226
2025-03-23 14:53:03.563,-0.15,-0.7424999999999999,0.7464999999999999,0.5561258903809724,-0.1735311990845121,0.29029873484469904,-0.7591689940585226
2025-03-23 14:53:03.564,-0.197,-0.7535000000000001,0.793,0.5561258903809724,-0.1735311990845121,0.29029873484469904,-0.7591689940585226
2025-03-23 14:53:03.632,-0.213,-0.761,0.8323333333333333,0.5561258903809723,-0.17353119908451242,0.2902987348446991,-0.7591689940585228
2025-03-23 14:53:03.633,-0.208,-0.757,0.833,0.5561258903809724,-0.1735311990845121,0.29029873484469904,-0.7591689940585226
2025-03-23 14:53:03.653,-0.1615,-0.75675,0.8975,0.5561258903809724,-0.1735311990845121,0.29029873484469904,-0.7591689940585226
2025-03-23 14:53:03.675,-0.158,-0.65925,0.87825,0.5561258903809724,-0.1735311990845121,0.29029873484469904,-0.7591689940585226
2025-03-23 14:53:03.721,-0.15325,-0.54375,0.6880000000000001,-0.5802656207393528,0.13129286435277188,-0.2762340502639613,0.7548170259293215
2025-03-23 14:53:03.743,0.052,-0.488,0.715,0.6029062009316681,-0.08871532682775418,0.26145569885974645,-0.7485149438706947
2025-03-23 14:53:03.744,0.0385,-0.36250000000000004,0.728,0.6029062009316681,-0.08871532682775418,0.26145569885974645,-0.7485149438706947
2025-03-23 14:53:03.827,-0.1555,-0.33725,0.77,0.6029062009316682,-0.08871532682775418,0.26145569885974634,-0.7485149438706944
2025-03-23 14:53:03.834,-0.299,-0.29100000000000004,0.89,0.6029062009316682,-0.08871532682775418,0.26145569885974634,-0.7485149438706944
2025-03-23 14:53:03.878,-0.30925,-0.18,0.76125,0.6029062009316682,-0.08871532682775418,0.26145569885974634,-0.7485149438706944
2025-03-23 14:53:03.917,-0.237,-0.162,0.8220000000000001,0.6029062009316681,-0.08871532682775418,0.26145569885974645,-0.7485149438706947
2025-03-23 14:53:03.918,-0.2525,-0.173,0.852,0.6029062009316681,-0.08871532682775418,0.26145569885974645,-0.7485149438706947
2025-03-23 14:53:03.945,-0.259,-0.174,0.9155,0.6029062009316682,-0.08871532682775418,0.26145569885974634,-0.7485149438706944
2025-03-23 14:53:04.025,-0.32225000000000004,-0.16025,0.9485,0.6029062009316682,-0.08871532682775418,0.26145569885974634,-0.7485149438706944
2025-03-23 14:53:04.035,-0.329,-0.21775,1.031,0.6029062009316682,-0.08871532682775418,0.26145569885974634,-0.7485149438706944
2025-03-23 14:53:04.080,-0.29874999999999996,-0.221,1.0,0.6029062009316682,-0.08871532682775418,0.26145569885974634,-0.7485149438706944
2025-03-23 14:53:04.130,-0.29125,-0.23725000000000002,0.984,0.6029062009316682,-0.08871532682775418,0.26145569885974634,-0.7485149438706944
2025-03-23 14:53:04.149,-0.29825,-0.24275,0.9682499999999999,-0.6036494305854829,0.0004752604828291984,-0.20043362601224776,0.7716433765962605
2025-03-23 14:53:04.233,-0.26525,-0.254,0.958,0.6022919102707315,0.028781524885584053,0.1796695191432931,-0.7772611803882348
2025-03-23 14:53:04.242,-0.27875,-0.26625,0.9602499999999999,0.6022919102707315,0.028781524885584053,0.1796695191432931,-0.7772611803882348
2025-03-23 14:53:04.282,-0.28225,-0.268,0.96,0.6022919102707315,0.028781524885584053,0.1796695191432931,-0.7772611803882348
2025-03-23 14:53:04.318,-0.26825,-0.25775000000000003,0.93325,0.6022919102707315,0.028781524885584053,0.1796695191432931,-0.7772611803882348
2025-03-23 14:53:04.349,-0.266,-0.2615,0.9484999999999999,0.6022919102707315,0.028781524885584053,0.1796695191432931,-0.7772611803882348
2025-03-23 14:53:04.422,-0.26275000000000004,-0.27175000000000005,0.9544999999999999,0.6022919102707315,0.028781524885584053,0.1796695191432931,-0.7772611803882348
2025-03-23 14:53:04.440,-0.26225,-0.2665,0.94775,0.6022919102707315,0.028781524885584053,0.1796695191432931,-0.7772611803882348
2025-03-23 14:53:04.523,-0.244,-0.267,0.949,0.6022919102707315,0.028781524885584053,0.1796695191432931,-0.7772611803882348
2025-03-23 14:53:04.524,-0.237,-0.24666666666666667,0.923,0.6022919102707315,0.028781524885584053,0.17966951914329304,-0.7772611803882346
2025-03-23 14:53:04.527,-0.25225,-0.23325,0.89775,-0.6027138238642666,-0.026026827417367615,-0.1802973539584881,0.7768857798499523
2025-03-23 14:53:04.552,-0.2595,-0.2385,0.8935,0.6039495840925576,0.017761164103068383,0.18217193992200886,-0.77572084233259
2025-03-23 14:53:04.629,-0.2375,-0.23525000000000001,0.874,0.6039495840925576,0.017761164103068383,0.18217193992200886,-0.77572084233259
2025-03-23 14:53:04.642,-0.23325,-0.2675,0.87775,0.6039495840925576,0.017761164103068383,0.18217193992200886,-0.77572084233259
2025-03-23 14:53:04.664,-0.213,-0.29,0.866,0.6039495840925575,0.017761164103068494,0.18217193992200886,-0.77572084233259
2025-03-23 14:53:04.665,-0.19466666666666668,-0.3383333333333334,0.9136666666666667,0.6039495840925577,0.01776116410306805,0.1821719399220088,-0.7757208423325898
2025-03-23 14:53:04.718,-0.22749999999999998,-0.37475,0.95375,0.6039495840925576,0.017761164103068383,0.18217193992200886,-0.77572084233259
2025-03-23 14:53:04.831,-0.22025,-0.38475,0.89625,0.6039495840925576,0.017761164103068383,0.18217193992200886,-0.77572084233259
2025-03-23 14:53:04.845,-0.21425,-0.46,0.92925,0.6039495840925576,0.017761164103068383,0.18217193992200886,-0.77572084233259
2025-03-23 14:53:04.927,-0.191,-0.48525,0.866,0.6039495840925576,0.017761164103068383,0.18217193992200886,-0.77572084233259
2025-03-23 14:53:04.935,-0.3345,-0.62425,0.93675,0.6039495840925576,0.017761164103068383,0.18217193992200886,-0.77572084233259
2025-03-23 14:53:04.958,-0.23975000000000002,-0.58775,0.8795,0.6039495840925576,0.017761164103068383,0.18217193992200886,-0.77572084233259
2025-03-23 14:53:04.980,-0.20124999999999998,-0.58175,0.794,-0.5695852349891914,0.05892428966488861,-0.2792406615989235,0.7707952004777866
2025-03-23 14:53:05.039,-0.2285,-0.5745,0.7995,0.5561463401037272,-0.08408398237057035,0.3103446984902355,-0.7663662965037934
2025-03-23 14:53:05.069,-0.1885,-0.6005,0.80125,0.5561463401037272,-0.08408398237057035,0.3103446984902355,-0.7663662965037934
2025-03-23 14:53:05.132,-0.2165,-0.6094999999999999,0.79775,0.5561463401037272,-0.08408398237057035,0.3103446984902355,-0.7663662965037934
2025-03-23 14:53:05.134,-0.235,-0.596,0.79,0.5561463401037271,-0.08408398237057035,0.3103446984902355,-0.7663662965037934
2025-03-23 14:53:05.135,-0.243,-0.592,0.7773333333333333,0.5561463401037271,-0.08408398237057035,0.3103446984902355,-0.7663662965037934
2025-03-23 14:53:05.163,-0.259,-0.60975,0.76975,0.5561463401037272,-0.08408398237057035,0.3103446984902355,-0.7663662965037934
2025-03-23 14:53:05.232,-0.22075,-0.59525,0.76825,0.5561463401037272,-0.08408398237057035,0.3103446984902355,-0.7663662965037934
2025-03-23 14:53:05.250,-0.16849999999999998,-0.599,0.80425,0.5561463401037272,-0.08408398237057035,0.3103446984902355,-0.7663662965037934
2025-03-23 14:53:05.272,-0.19175,-0.5965,0.7867500000000001,0.5561463401037272,-0.08408398237057035,0.3103446984902355,-0.7663662965037934
2025-03-23 14:53:05.329,-0.17875,-0.61425,0.7885,-0.5563521076135611,0.0894062474819951,-0.3119568996731628,0.7649586577138956
2025-03-23 14:53:05.362,-0.1995,-0.624,0.7955000000000001,0.5568594716261167,-0.1053574680072763,0.3167324508076354,-0.760583912136437
2025-03-23 14:53:05.363,-0.17049999999999998,-0.6205,0.7855000000000001,0.5568594716261167,-0.1053574680072763,0.3167324508076354,-0.760583912136437
2025-03-23 14:53:05.430,-0.1615,-0.646,0.845,0.5568594716261167,-0.10535746800727608,0.31673245080763535,-0.760583912136437
2025-03-23 14:53:05.452,-0.23475000000000001,-0.59625,0.7825,0.5568594716261167,-0.10535746800727608,0.31673245080763535,-0.760583912136437
2025-03-23 14:53:05.527,-0.2675,-0.61775,0.78225,0.5568594716261167,-0.10535746800727608,0.31673245080763535,-0.760583912136437
2025-03-23 14:53:05.564,-0.167,-0.639,0.822,0.5568594716261167,-0.1053574680072763,0.3167324508076354,-0.760583912136437
2025-03-23 14:53:05.565,-0.13933333333333334,-0.6303333333333333,0.8516666666666666,0.5568594716261169,-0.10535746800727586,0.31673245080763524,-0.7605839121364366
2025-03-23 14:53:05.628,-0.23866666666666667,-0.6406666666666667,0.8253333333333334,0.5568594716261169,-0.10535746800727586,0.31673245080763524,-0.7605839121364366
2025-03-23 14:53:05.629,-0.253,-0.644,0.809,0.5568594716261167,-0.1053574680072763,0.3167324508076354,-0.760583912136437
2025-03-23 14:53:05.633,-0.273,-0.65375,0.818,0.5568594716261167,-0.10535746800727608,0.31673245080763535,-0.760583912136437
2025-03-23 14:53:05.635,-0.22999999999999998,-0.6505000000000001,0.8225,0.5568594716261167,-0.1053574680072763,0.3167324508076354,-0.760583912136437
2025-03-23 14:53:05.636,-0.217,-0.6194999999999999,0.796,0.5568594716261167,-0.1053574680072763,0.3167324508076354,-0.760583912136437
2025-03-23 14:53:05.677,-0.18699999999999997,-0.624,0.799,0.5568594716261169,-0.10535746800727586,0.31673245080763524,-0.7605839121364366
2025-03-23 14:53:05.678,-0.199,-0.63,0.812,0.5568594716261167,-0.1053574680072763,0.3167324508076354,-0.760583912136437
2025-03-23 14:53:05.725,-0.22766666666666668,-0.6306666666666666,0.7996666666666666,0.5568594716261169,-0.10535746800727586,0.31673245080763524,-0.7605839121364366
2025-03-23 14:53:05.726,-0.21,-0.632,0.788,0.5568594716261167,-0.1053574680072763,0.3167324508076354,-0.760583912136437
2025-03-23 14:53:05.767,-0.203,-0.631,0.792,0.5568594716261167,-0.1053574680072763,0.3167324508076354,-0.760583912136437
2025-03-23 14:53:05.768,-0.18066666666666667,-0.6073333333333334,0.7756666666666666,-0.5455511211783314,0.10544120911758947,-0.31523681422812216,0.7693385968194958
2025-03-23 14:53:05.842,-0.1595,-0.56675,0.75025,0.5398550885396918,-0.10547490170661378,0.3144646140290575,-0.7736559539041483
2025-03-23 14:53:05.845,-0.13225,-0.56125,0.7515000000000001,0.5398550885396918,-0.10547490170661378,0.3144646140290575,-0.7736559539041483
2025-03-23 14:53:05.880,-0.143,-0.5575000000000001,0.7395,0.5398550885396918,-0.10547490170661378,0.3144646140290575,-0.7736559539041483
2025-03-23 14:53:05.932,-0.125,-0.565,0.747,0.5398550885396918,-0.10547490170661389,0.3144646140290576,-0.7736559539041485
2025-03-23 14:53:05.933,-0.11533333333333333,-0.554,0.7520000000000001,0.5398550885396918,-0.10547490170661389,0.3144646140290575,-0.7736559539041483
2025-03-23 14:53:05.971,-0.13525,-0.565,0.74525,0.5398550885396918,-0.10547490170661378,0.3144646140290575,-0.7736559539041483
2025-03-23 14:53:06.035,-0.14,-0.577,0.756,0.5398550885396918,-0.10547490170661389,0.3144646140290576,-0.7736559539041485
2025-03-23 14:53:06.036,-0.126,-0.5813333333333333,0.763,0.5398550885396918,-0.10547490170661389,0.3144646140290575,-0.7736559539041483
2025-03-23 14:53:06.039,-0.11875,-0.58775,0.776,0.5398550885396918,-0.10547490170661378,0.3144646140290575,-0.7736559539041483
2025-03-23 14:53:06.082,-0.114,-0.594,0.786,0.5398550885396918,-0.10547490170661389,0.3144646140290576,-0.7736559539041485
2025-03-23 14:53:06.083,-0.12766666666666668,-0.601,0.786,0.5398550885396918,-0.10547490170661389,0.3144646140290575,-0.7736559539041483
2025-03-23 14:53:06.136,-0.124,-0.60425,0.78825,0.5398550885396918,-0.10547490170661378,0.3144646140290575,-0.7736559539041483
2025-03-23 14:53:06.173,-0.13974999999999999,-0.6154999999999999,0.7957500000000001,0.5398550885396918,-0.10547490170661378,0.3144646140290575,-0.7736559539041483
2025-03-23 14:53:06.240,-0.149,-0.618,0.799,0.5408537147377994,-0.12619553327804123,0.3046733589705046,-0.773773927558059
2025-03-23 14:53:06.241,-0.145,-0.609,0.7903333333333333,0.5408537147377993,-0.12619553327804134,0.30467335897050474,-0.7737739275580591
2025-03-23 14:53:06.245,-0.135,-0.60925,0.7867500000000001,0.5408537147377994,-0.12619553327804123,0.3046733589705046,-0.773773927558059
2025-03-23 14:53:06.344,-0.1275,-0.59975,0.7825,0.5408537147377994,-0.12619553327804123,0.3046733589705046,-0.773773927558059
2025-03-23 14:53:06.352,-0.152,-0.593,0.761,0.5408537147377994,-0.12619553327804123,0.3046733589705046,-0.773773927558059
2025-03-23 14:53:06.353,-0.148,-0.59,0.7496666666666667,0.5408537147377993,-0.12619553327804134,0.30467335897050474,-0.7737739275580591
2025-03-23 14:53:06.376,-0.14125000000000001,-0.591,0.74325,0.5408537147377994,-0.12619553327804123,0.3046733589705046,-0.773773927558059
2025-03-23 14:53:06.432,-0.1735,-0.6065,0.758,0.5408537147377994,-0.12619553327804123,0.3046733589705046,-0.773773927558059
2025-03-23 14:53:06.433,-0.165,-0.6194999999999999,0.756,0.5408537147377994,-0.12619553327804123,0.3046733589705046,-0.773773927558059
2025-03-23 14:53:06.443,-0.15466666666666665,-0.6206666666666667,0.7516666666666666,0.5408537147377993,-0.12619553327804134,0.30467335897050474,-0.7737739275580591
2025-03-23 14:53:06.444,-0.147,-0.621,0.753,0.5408537147377994,-0.12619553327804123,0.3046733589705046,-0.773773927558059
2025-03-23 14:53:06.525,-0.1445,-0.644,0.77975,0.5408537147377994,-0.12619553327804123,0.3046733589705046,-0.773773927558059
2025-03-23 14:53:06.539,-0.17275000000000001,-0.66125,0.77075,0.5408537147377994,-0.12619553327804123,0.3046733589705046,-0.773773927558059
2025-03-23 14:53:06.578,-0.297,-0.7017500000000001,0.7625,0.5408537147377994,-0.12619553327804123,0.3046733589705046,-0.773773927558059
2025-03-23 14:53:06.626,-0.02475,-0.7155,0.8402499999999999,-0.5531846843661142,0.13053707146920535,-0.30890402430092806,0.7625779184619089
2025-03-23 14:53:06.644,-0.14725,-0.64875,0.819,0.5653418705198602,-0.1348376013199708,0.31303764714957555,-0.7511423448151755
2025-03-23 14:53:06.723,-0.13875,-0.632,0.8165,0.5653418705198602,-0.1348376013199708,0.31303764714957555,-0.7511423448151755
2025-03-23 14:53:06.735,-0.16975,-0.63675,0.8565,0.5653418705198602,-0.1348376013199708,0.31303764714957555,-0.7511423448151755
2025-03-23 14:53:06.781,-0.20350000000000001,-0.59675,0.76875,0.5653418705198602,-0.1348376013199708,0.31303764714957555,-0.7511423448151755
2025-03-23 14:53:06.828,-0.1875,-0.629,0.7945,0.56534187051986,-0.1348376013199709,0.3130376471495757,-0.7511423448151757
2025-03-23 14:53:06.829,-0.20650000000000002,-0.6185,0.793,0.56534187051986,-0.1348376013199709,0.3130376471495757,-0.7511423448151757
2025-03-23 14:53:06.848,-0.24075000000000002,-0.59375,0.7855000000000001,0.5653418705198602,-0.1348376013199708,0.31303764714957555,-0.7511423448151755
2025-03-23 14:53:06.923,-0.22466666666666665,-0.6223333333333333,0.8039999999999999,0.5653418705198602,-0.13483760131997058,0.31303764714957555,-0.7511423448151753
2025-03-23 14:53:06.924,-0.205,-0.617,0.771,0.56534187051986,-0.1348376013199709,0.3130376471495757,-0.7511423448151757
2025-03-23 14:53:06.946,-0.18566666666666665,-0.6473333333333334,0.802,0.5653418705198602,-0.13483760131997058,0.31303764714957555,-0.7511423448151753
2025-03-23 14:53:06.947,-0.232,-0.629,0.769,0.56534187051986,-0.1348376013199709,0.3130376471495757,-0.7511423448151757
2025-03-23 14:53:07.022,-0.21825,-0.6165,0.7945,0.5653418705198602,-0.1348376013199708,0.31303764714957555,-0.7511423448151755
2025-03-23 14:53:07.024,-0.3695,-0.62525,0.86725,0.5900880603280872,-0.07321348150462526,0.31880516007184156,-0.7381050989498547
2025-03-23 14:53:07.050,-0.36425,-0.56875,0.8805000000000001,0.5900880603280872,-0.07321348150462526,0.31880516007184156,-0.7381050989498547
2025-03-23 14:53:07.124,-0.2775,-0.448,0.852,0.5900880603280872,-0.07321348150462526,0.31880516007184156,-0.7381050989498547
2025-03-23 14:53:07.186,-0.34175,-0.40925,0.942,0.5900880603280872,-0.07321348150462526,0.31880516007184156,-0.7381050989498547
2025-03-23 14:53:07.237,-0.357,-0.3,0.792,0.5900880603280872,-0.07321348150462526,0.31880516007184156,-0.7381050989498547
2025-03-23 14:53:07.238,-0.336,-0.2966666666666667,0.875,0.5900880603280872,-0.07321348150462548,0.31880516007184173,-0.7381050989498549
2025-03-23 14:53:07.252,-0.26975,-0.3015,0.9219999999999999,0.5900880603280872,-0.07321348150462526,0.31880516007184156,-0.7381050989498547
2025-03-23 14:53:07.346,-0.251,-0.215,0.825,0.5900880603280872,-0.07321348150462526,0.31880516007184156,-0.7381050989498547
2025-03-23 14:53:07.347,-0.24233333333333332,-0.20466666666666666,0.7879999999999999,0.5900880603280872,-0.07321348150462548,0.31880516007184173,-0.7381050989498549
2025-03-23 14:53:07.387,-0.247,-0.182,0.785,0.5900880603280872,-0.07321348150462526,0.31880516007184156,-0.7381050989498547
2025-03-23 14:53:07.388,-0.2976666666666667,-0.20466666666666666,0.8683333333333333,0.5900880603280872,-0.07321348150462548,0.31880516007184173,-0.7381050989498549
2025-03-23 14:53:07.431,-0.275,-0.28049999999999997,0.9635,0.5900880603280872,-0.07321348150462526,0.31880516007184156,-0.7381050989498547
2025-03-23 14:53:07.436,-0.25675000000000003,-0.23675,0.9117500000000001,0.5900880603280872,-0.07321348150462526,0.31880516007184156,-0.7381050989498547
2025-03-23 14:53:07.455,-0.25875000000000004,-0.2355,0.891,-0.6134737079382574,-0.001098692666393175,-0.22676223365788803,0.7564573298801432
2025-03-23 14:53:07.526,-0.3165,-0.27749999999999997,0.95275,0.6192074136731966,0.02570155293602905,0.19554181500318193,-0.7600559240043384
2025-03-23 14:53:07.567,-0.33175,-0.2745,0.93475,0.6192074136731966,0.02570155293602905,0.19554181500318193,-0.7600559240043384
2025-03-23 14:53:07.590,-0.3095,-0.29974999999999996,0.9664999999999999,0.6192074136731966,0.02570155293602905,0.19554181500318193,-0.7600559240043384
2025-03-23 14:53:07.657,-0.2835,-0.262,0.9117500000000001,0.6192074136731966,0.02570155293602905,0.19554181500318193,-0.7600559240043384
2025-03-23 14:53:07.724,-0.29825,-0.24575,0.9045,0.6192074136731966,0.02570155293602905,0.19554181500318193,-0.7600559240043384
2025-03-23 14:53:07.747,-0.31025,-0.2695,0.93325,0.6192074136731966,0.02570155293602905,0.19554181500318193,-0.7600559240043384
2025-03-23 14:53:07.770,-0.3075,-0.26075000000000004,0.909,0.6192074136731966,0.02570155293602905,0.19554181500318193,-0.7600559240043384
2025-03-23 14:53:07.826,-0.33425,-0.279,0.9390000000000001,0.6192074136731966,0.02570155293602905,0.19554181500318193,-0.7600559240043384
2025-03-23 14:53:07.828,-0.312,-0.27375,0.93275,0.6192074136731966,0.02570155293602905,0.19554181500318193,-0.7600559240043384
2025-03-23 14:53:07.838,-0.31475,-0.26675000000000004,0.911,-0.6170799973159117,-0.03277467278077306,-0.20188063271369733,0.7598567679976437
2025-03-23 14:53:07.859,-0.304,-0.273,0.927,0.6163578927364866,0.03513158984932219,0.2039892313539638,-0.7597743829241123
2025-03-23 14:53:07.860,-0.30066666666666664,-0.269,0.922,0.6163578927364867,0.035131589849321965,0.2039892313539637,-0.759774382924112
2025-03-23 14:53:07.927,-0.30725,-0.26825,0.90625,0.6163578927364864,0.03513158984932219,0.2039892313539639,-0.7597743829241127
2025-03-23 14:53:07.949,-0.315,-0.269,0.903,0.6163578927364866,0.03513158984932219,0.2039892313539638,-0.7597743829241123
2025-03-23 14:53:07.950,-0.31433333333333335,-0.27566666666666667,0.9056666666666667,0.6163578927364867,0.035131589849321965,0.2039892313539637,-0.759774382924112
2025-03-23 14:53:07.972,-0.31174999999999997,-0.2785,0.9065000000000001,0.6163578927364864,0.03513158984932219,0.2039892313539639,-0.7597743829241127
2025-03-23 14:53:08.038,-0.3015,-0.27775,0.902,0.6163578927364864,0.03513158984932219,0.2039892313539639,-0.7597743829241127
2025-03-23 14:53:08.062,-0.28175,-0.28925,0.9097500000000001,0.6163578927364864,0.03513158984932219,0.2039892313539639,-0.7597743829241127
2025-03-23 14:53:08.132,-0.294,-0.31025,0.94425,0.6163578927364864,0.03513158984932219,0.2039892313539639,-0.7597743829241127
2025-03-23 14:53:08.155,-0.242,-0.334,0.918,0.6163578927364866,0.03513158984932219,0.2039892313539638,-0.7597743829241123
2025-03-23 14:53:08.156,-0.283,-0.326,0.9553333333333334,0.6163578927364867,0.035131589849321965,0.2039892313539637,-0.759774382924112
2025-03-23 14:53:08.175,-0.316,-0.30074999999999996,0.85575,0.6163578927364864,0.03513158984932219,0.2039892313539639,-0.7597743829241127
2025-03-23 14:53:08.233,-0.28325,-0.31025,0.84275,-0.5963827756116533,-0.014393428801930175,-0.22967181273973714,0.7690066791607908
2025-03-23 14:53:08.265,-0.34850000000000003,-0.3905,0.879,0.5895206738198002,0.007480516116190605,0.23814643084872925,-0.7718132510469713
2025-03-23 14:53:08.325,-0.37324999999999997,-0.41425,0.841,0.5895206738198002,0.007480516116190605,0.23814643084872925,-0.7718132510469713
2025-03-23 14:53:08.334,-0.39075,-0.47475,0.81775,0.5895206738198002,0.007480516116190605,0.23814643084872925,-0.7718132510469713
2025-03-23 14:53:08.386,-0.3175,-0.53375,0.89775,0.5895206738198002,0.007480516116190605,0.23814643084872925,-0.7718132510469713
2025-03-23 14:53:08.449,-0.30125,-0.58675,0.90025,0.5895206738198002,0.007480516116190605,0.23814643084872925,-0.7718132510469713
2025-03-23 14:53:08.469,-0.28575,-0.50675,0.6950000000000001,0.5895206738198002,0.007480516116190605,0.23814643084872925,-0.7718132510469713
2025-03-23 14:53:08.535,-0.24175,-0.6635,0.9455,0.5895206738198002,0.007480516116190605,0.23814643084872925,-0.7718132510469713
2025-03-23 14:53:08.559,-0.26725,-0.5845,0.7255,0.5895206738198002,0.007480516116190605,0.23814643084872925,-0.7718132510469713
2025-03-23 14:53:08.580,-0.22575,-0.5755,0.80975,0.5895206738198002,0.007480516116190605,0.23814643084872925,-0.7718132510469713
2025-03-23 14:53:08.640,-0.32675,-0.577,0.76825,-0.5826505387567431,0.05679934219467697,-0.30225158175138844,0.7522872893659128
2025-03-23 14:53:08.671,-0.319,-0.5772499999999999,0.77325,0.5792527300651814,-0.07803440925207383,0.3229582484155412,-0.7443620593938676
2025-03-23 14:53:08.737,-0.304,-0.565,0.719,0.5792527300651815,-0.07803440925207361,0.32295824841554116,-0.7443620593938675
2025-03-23 14:53:08.738,-0.069,-0.595,0.814,0.5792527300651814,-0.07803440925207383,0.32295824841554116,-0.7443620593938676
2025-03-23 14:53:08.760,-0.1775,-0.58975,0.8535,0.5792527300651814,-0.07803440925207383,0.3229582484155412,-0.7443620593938676
2025-03-23 14:53:08.782,-0.21075,-0.60375,0.769,0.5792527300651814,-0.07803440925207383,0.3229582484155412,-0.7443620593938676
2025-03-23 14:53:08.850,-0.19275,-0.60975,0.79325,0.5792527300651814,-0.07803440925207383,0.3229582484155412,-0.7443620593938676
2025-03-23 14:53:08.872,-0.2005,-0.61525,0.7835000000000001,0.5792527300651814,-0.07803440925207383,0.3229582484155412,-0.7443620593938676
2025-03-23 14:53:08.940,-0.16849999999999998,-0.61125,0.789,0.5792527300651814,-0.07803440925207383,0.3229582484155412,-0.7443620593938676
2025-03-23 14:53:08.984,-0.13625,-0.631,0.8185,0.5792527300651814,-0.07803440925207383,0.3229582484155412,-0.7443620593938676
2025-03-23 14:53:09.033,-0.1915,-0.6255,0.7935,0.5792527300651814,-0.07803440925207383,0.3229582484155412,-0.7443620593938676
2025-03-23 14:53:09.036,-0.147,-0.62275,0.80525,0.5792527300651814,-0.07803440925207383,0.3229582484155412,-0.7443620593938676
2025-03-23 14:53:09.076,-0.1675,-0.61625,0.7907500000000001,0.553596429476792,-0.11639765956139148,0.31530074840205763,-0.7619501402167207
2025-03-23 14:53:09.149,-0.2125,-0.646,0.794,0.553596429476792,-0.11639765956139148,0.31530074840205763,-0.7619501402167207
2025-03-23 14:53:09.150,-0.144,-0.6765,0.8280000000000001,0.553596429476792,-0.11639765956139148,0.31530074840205763,-0.7619501402167207
2025-03-23 14:53:09.164,-0.221,-0.6875,0.829,0.553596429476792,-0.11639765956139148,0.31530074840205763,-0.7619501402167207
2025-03-23 14:53:09.187,-0.2245,-0.67925,0.793,0.553596429476792,-0.11639765956139148,0.31530074840205763,-0.7619501402167207
2025-03-23 14:53:09.256,-0.21466666666666667,-0.6803333333333335,0.7946666666666667,0.5535964294767921,-0.11639765956139125,0.31530074840205746,-0.7619501402167204
2025-03-23 14:53:09.257,-0.199,-0.669,0.779,0.553596429476792,-0.11639765956139148,0.31530074840205763,-0.7619501402167207
2025-03-23 14:53:09.278,-0.20350000000000001,-0.64925,0.77175,0.553596429476792,-0.11639765956139148,0.31530074840205763,-0.7619501402167207
2025-03-23 14:53:09.345,-0.20500000000000002,-0.62675,0.74725,0.553596429476792,-0.11639765956139148,0.31530074840205763,-0.7619501402167207
2025-03-23 14:53:09.366,-0.193,-0.608,0.725,0.553596429476792,-0.11639765956139148,0.31530074840205763,-0.7619501402167207
2025-03-23 14:53:09.367,-0.18433333333333332,-0.603,0.7286666666666667,0.5535964294767921,-0.11639765956139125,0.31530074840205746,-0.7619501402167204
2025-03-23 14:53:09.422,-0.17925,-0.5874999999999999,0.7255,0.553596429476792,-0.11639765956139148,0.31530074840205763,-0.7619501402167207
2025-03-23 14:53:09.457,-0.13025,-0.572,0.7132499999999999,-0.548524103712525,0.1185845061373566,-0.3141152412659306,0.765761475757939
2025-03-23 14:53:09.481,-0.1565,-0.60825,0.75675,0.5434263031217493,-0.12076584535329882,0.3129151458351038,-0.7695372474276523
2025-03-23 14:53:09.541,-0.133,-0.628,0.795,0.5434263031217494,-0.1207658453532986,0.3129151458351037,-0.769537247427652
2025-03-23 14:53:09.542,-0.114,-0.6125,0.7945,0.5434263031217494,-0.1207658453532986,0.3129151458351037,-0.769537247427652
2025-03-23 14:53:09.543,-0.117,-0.596,0.776,0.5434263031217494,-0.1207658453532986,0.3129151458351037,-0.769537247427652
2025-03-23 14:53:09.550,-0.1245,-0.59425,0.7655000000000001,0.5434263031217493,-0.12076584535329882,0.3129151458351038,-0.7695372474276523
2025-03-23 14:53:09.626,-0.143,-0.6114999999999999,0.7845,0.5434263031217493,-0.12076584535329882,0.3129151458351038,-0.7695372474276523
2025-03-23 14:53:09.683,-0.135,-0.625,0.8,0.5434263031217494,-0.1207658453532986,0.3129151458351037,-0.769537247427652
2025-03-23 14:53:09.684,-0.13333333333333333,-0.6203333333333333,0.802,0.5434263031217496,-0.12076584535329848,0.31291514583510377,-0.7695372474276521
2025-03-23 14:53:09.742,-0.1305,-0.58975,0.76075,0.5434263031217493,-0.12076584535329882,0.3129151458351038,-0.7695372474276523
2025-03-23 14:53:09.772,-0.155,-0.5814999999999999,0.7395,0.5434263031217493,-0.12076584535329882,0.3129151458351038,-0.7695372474276523
2025-03-23 14:53:09.834,-0.16375,-0.591,0.73725,0.5434263031217493,-0.12076584535329882,0.3129151458351038,-0.7695372474276523
2025-03-23 14:53:09.837,-0.12975,-0.5832499999999999,0.74,0.5434263031217493,-0.12076584535329882,0.3129151458351038,-0.7695372474276523
2025-03-23 14:53:09.842,-0.12566666666666668,-0.5926666666666667,0.7303333333333333,-0.5410246141497568,0.12367865899220065,-0.3139686772466835,0.7703373455194588
2025-03-23 14:53:09.843,-0.138,-0.604,0.729,0.5361951461163375,-0.12949848826955457,0.3160607169102641,-0.771900595959965
2025-03-23 14:53:09.862,-0.15,-0.615,0.735,0.5361951461163375,-0.12949848826955457,0.3160607169102641,-0.771900595959965
2025-03-23 14:53:09.863,-0.15266666666666664,-0.644,0.761,0.5361951461163371,-0.1294984882695549,0.3160607169102642,-0.7719005959599654
2025-03-23 14:53:09.975,-0.12625,-0.65325,0.783,0.5361951461163375,-0.12949848826955457,0.3160607169102641,-0.771900595959965
2025-03-23 14:53:10.032,-0.154,-0.67,0.77325,0.5361951461163375,-0.12949848826955457,0.3160607169102641,-0.771900595959965
2025-03-23 14:53:10.034,-0.16125,-0.6825,0.7605,0.5361951461163375,-0.12949848826955457,0.3160607169102641,-0.771900595959965
2025-03-23 14:53:10.042,-0.1655,-0.6859999999999999,0.777,0.5361951461163375,-0.12949848826955457,0.3160607169102641,-0.771900595959965
2025-03-23 14:53:10.065,-0.16475,-0.6715,0.74475,0.5361951461163375,-0.12949848826955457,0.3160607169102641,-0.771900595959965
2025-03-23 14:53:10.128,-0.1295,-0.6275,0.6975,0.5361951461163375,-0.12949848826955457,0.3160607169102641,-0.771900595959965
2025-03-23 14:53:10.155,-0.23075,-0.72525,0.8425,0.5361951461163375,-0.12949848826955457,0.3160607169102641,-0.771900595959965
2025-03-23 14:53:10.238,-0.07625000000000001,-0.66925,0.774,0.5361951461163375,-0.12949848826955457,0.3160607169102641,-0.771900595959965
2025-03-23 14:53:10.246,-0.13324999999999998,-0.65725,0.763,0.5361951461163375,-0.12949848826955457,0.3160607169102641,-0.771900595959965
2025-03-23 14:53:10.267,-0.15425,-0.6655,0.78225,-0.5410139059632745,0.1297098193523618,-0.31509115167667495,0.7688932841773337
2025-03-23 14:53:10.336,-0.057,-0.726,0.893,0.5553641493085005,-0.1303180132468812,0.31211919219055856,-0.7597167149356027
2025-03-23 14:53:10.337,-0.10366666666666667,-0.6986666666666667,0.85,0.5553641493085005,-0.1303180132468813,0.31211919219055867,-0.759716714935603
2025-03-23 14:53:10.360,-0.18125,-0.68,0.7515000000000001,0.5553641493085005,-0.1303180132468812,0.31211919219055856,-0.7597167149356027
2025-03-23 14:53:10.426,-0.078,-0.6865,0.8075,0.5553641493085005,-0.1303180132468812,0.31211919219055856,-0.7597167149356027
2025-03-23 14:53:10.427,-0.1995,-0.7244999999999999,0.9315,0.5553641493085005,-0.1303180132468812,0.31211919219055856,-0.7597167149356027
2025-03-23 14:53:10.447,-0.16825,-0.706,0.92675,0.5553641493085005,-0.1303180132468812,0.31211919219055856,-0.7597167149356027
2025-03-23 14:53:10.469,-0.207,-0.6376666666666667,0.8583333333333334,0.5553641493085005,-0.1303180132468813,0.31211919219055867,-0.759716714935603
2025-03-23 14:53:10.470,-0.196,-0.608,0.827,0.5553641493085005,-0.1303180132468812,0.31211919219055856,-0.7597167149356027
2025-03-23 14:53:10.540,-0.193,-0.5635,0.821,0.5553641493085005,-0.1303180132468812,0.31211919219055856,-0.7597167149356027
2025-03-23 14:53:10.559,-0.2205,-0.478,0.7897500000000001,0.5553641493085005,-0.1303180132468812,0.31211919219055856,-0.7597167149356027
2025-03-23 14:53:10.630,-0.2395,-0.48424999999999996,0.8155,0.5553641493085005,-0.1303180132468812,0.31211919219055856,-0.7597167149356027
2025-03-23 14:53:10.649,-0.24733333333333332,-0.4303333333333333,0.8436666666666666,0.5553641493085005,-0.1303180132468813,0.31211919219055867,-0.759716714935603
2025-03-23 14:53:10.650,-0.267,-0.37,0.776,0.5553641493085005,-0.1303180132468812,0.31211919219055856,-0.7597167149356027
2025-03-23 14:53:10.673,-0.23125,-0.3675,0.81775,-0.5638789814932108,0.10456277571788042,-0.29264309634296815,0.7651582439777748
2025-03-23 14:53:10.735,-0.30075,-0.364,0.867,0.5856310690794256,-0.026211390574747195,0.231912303482785,-0.7762511819162249
2025-03-23 14:53:10.761,-0.2825,-0.33799999999999997,0.855,0.5856310690794257,-0.026211390574746973,0.23191230348278496,-0.7762511819162249
2025-03-23 14:53:10.762,-0.2545,-0.3165,0.847,0.5856310690794257,-0.026211390574746973,0.23191230348278496,-0.7762511819162249
2025-03-23 14:53:10.827,-0.2245,-0.301,0.847,0.5856310690794256,-0.026211390574747195,0.231912303482785,-0.7762511819162249
2025-03-23 14:53:10.832,-0.28700000000000003,-0.30425,0.887,0.5856310690794256,-0.026211390574747195,0.231912303482785,-0.7762511819162249
2025-03-23 14:53:10.880,-0.302,-0.322,0.896,0.5856310690794257,-0.026211390574746973,0.23191230348278496,-0.7762511819162249
2025-03-23 14:53:10.881,-0.26699999999999996,-0.32233333333333336,0.9146666666666667,0.5856310690794256,-0.026211390574747195,0.231912303482785,-0.7762511819162249
2025-03-23 14:53:10.943,-0.22933333333333336,-0.3153333333333333,0.924,0.5856310690794256,-0.026211390574747195,0.231912303482785,-0.7762511819162249
2025-03-23 14:53:10.944,-0.254,-0.33,0.937,0.5856310690794257,-0.026211390574746973,0.23191230348278496,-0.7762511819162249
2025-03-23 14:53:10.964,-0.27666666666666667,-0.3433333333333333,0.9283333333333333,0.5856310690794256,-0.026211390574747195,0.231912303482785,-0.7762511819162249
2025-03-23 14:53:10.965,-0.279,-0.344,0.923,0.5856310690794257,-0.026211390574746973,0.23191230348278496,-0.7762511819162249
2025-03-23 14:53:11.024,-0.2675,-0.3515,0.9255,0.5856310690794257,-0.026211390574746973,0.23191230348278496,-0.7762511819162249
2025-03-23 14:53:11.025,-0.254,-0.3555,0.9255,0.5856310690794257,-0.026211390574746973,0.23191230348278496,-0.7762511819162249
2025-03-23 14:53:11.033,-0.252,-0.355,0.919,0.5856310690794257,-0.026211390574746973,0.23191230348278496,-0.7762511819162249
2025-03-23 14:53:11.034,-0.23933333333333331,-0.35966666666666663,0.9203333333333333,0.5856310690794256,-0.026211390574747195,0.231912303482785,-0.7762511819162249
2025-03-23 14:53:11.078,-0.2425,-0.37075,0.952,-0.5854727676381717,0.021902443276932915,-0.2290243662689097,0.7773607663033454
2025-03-23 14:53:11.137,-0.245,-0.36924999999999997,0.932,0.5848988525144959,-0.008970442503556275,0.22032086822279923,-0.7805585042225011
2025-03-23 14:53:11.167,-0.229,-0.362,0.913,0.5848988525144959,-0.008970442503556275,0.22032086822279923,-0.7805585042225011
2025-03-23 14:53:11.168,-0.23766666666666666,-0.36199999999999993,0.9103333333333333,0.5848988525144959,-0.008970442503556386,0.22032086822279923,-0.7805585042225011
2025-03-23 14:53:11.232,-0.246,-0.36675,0.90625,0.5848988525144959,-0.008970442503556275,0.22032086822279923,-0.7805585042225011
2025-03-23 14:53:11.258,-0.25,-0.36075,0.88625,0.5848988525144959,-0.008970442503556275,0.22032086822279923,-0.7805585042225011
2025-03-23 14:53:11.333,-0.27099999999999996,-0.36400000000000005,0.8943333333333333,0.5848988525144959,-0.008970442503556386,0.22032086822279923,-0.7805585042225011
2025-03-23 14:53:11.334,-0.327,-0.354,0.9,0.5848988525144959,-0.008970442503556275,0.22032086822279923,-0.7805585042225011
2025-03-23 14:53:11.347,-0.3505,-0.39225,0.9235,0.5848988525144959,-0.008970442503556275,0.22032086822279923,-0.7805585042225011
2025-03-23 14:53:11.369,-0.228,-0.38575000000000004,0.89275,0.5848988525144959,-0.008970442503556275,0.22032086822279923,-0.7805585042225011
2025-03-23 14:53:11.425,-0.1645,-0.3635,0.873,0.5848988525144959,-0.008970442503556275,0.22032086822279923,-0.7805585042225011
2025-03-23 14:53:11.426,-0.185,-0.353,0.894,0.5848988525144959,-0.008970442503556275,0.22032086822279923,-0.7805585042225011
2025-03-23 14:53:11.437,-0.23149999999999998,-0.3625,0.9065000000000001,0.5848988525144959,-0.008970442503556275,0.22032086822279923,-0.7805585042225011
2025-03-23 14:53:11.522,-0.238,-0.3675,0.9025000000000001,0.5848988525144959,-0.008970442503556275,0.22032086822279923,-0.7805585042225011
2025-03-23 14:53:11.523,-0.2115,-0.363,0.882,0.5848988525144959,-0.008970442503556275,0.22032086822279923,-0.7805585042225011
2025-03-23 14:53:11.531,-0.24775000000000003,-0.3805,0.89725,-0.589142495460058,0.018677418887455666,-0.23253104772050262,0.7736223794027699
2025-03-23 14:53:11.624,-0.29974999999999996,-0.38875000000000004,0.88375,0.5905163451850992,-0.02191134860284094,0.23658456134067016,-0.7712574694658588
2025-03-23 14:53:11.640,-0.2415,-0.387,0.8435,0.5905163451850992,-0.02191134860284094,0.23658456134067016,-0.7712574694658588
2025-03-23 14:53:11.662,-0.214,-0.364,0.794,0.5905163451850993,-0.02191134860284094,0.23658456134067013,-0.7712574694658587
2025-03-23 14:53:11.663,-0.254,-0.405,0.8243333333333333,0.5905163451850992,-0.02191134860284094,0.23658456134067016,-0.7712574694658588
2025-03-23 14:53:11.734,-0.306,-0.52225,0.862,0.5905163451850992,-0.02191134860284094,0.23658456134067016,-0.7712574694658588
2025-03-23 14:53:11.735,-0.17075,-0.4645,0.75125,0.5905163451850992,-0.02191134860284094,0.23658456134067016,-0.7712574694658588
2025-03-23 14:53:11.825,-0.187,-0.473,0.771,0.5905163451850993,-0.02191134860284094,0.23658456134067013,-0.7712574694658587
2025-03-23 14:53:11.826,-0.26466666666666666,-0.5433333333333333,0.824,0.5905163451850992,-0.02191134860284094,0.23658456134067016,-0.7712574694658588
2025-03-23 14:53:11.829,-0.25725,-0.594,0.8175,0.5905163451850992,-0.02191134860284094,0.23658456134067016,-0.7712574694658588
2025-03-23 14:53:11.864,-0.23,-0.571,0.771,0.5905163451850993,-0.02191134860284094,0.23658456134067013,-0.7712574694658587
2025-03-23 14:53:11.865,-0.2813333333333334,-0.5696666666666667,0.7116666666666666,0.5905163451850992,-0.02191134860284094,0.23658456134067016,-0.7712574694658588
2025-03-23 14:53:11.929,-0.2565,-0.86225,1.1524999999999999,0.5905163451850992,-0.02191134860284094,0.23658456134067016,-0.7712574694658588
2025-03-23 14:53:11.937,-0.1715,-0.47150000000000003,0.616,0.5905163451850993,-0.02191134860284094,0.23658456134067013,-0.7712574694658587
2025-03-23 14:53:11.938,-0.23099999999999998,-0.6555,0.781,0.5586148730485593,-0.09277413088797648,0.3299146898775841,-0.7553136313147671
2025-03-23 14:53:12.035,-0.25525,-0.62475,0.7565,0.5586148730485593,-0.09277413088797648,0.3299146898775841,-0.7553136313147671
2025-03-23 14:53:12.045,-0.27249999999999996,-0.593,0.77325,0.5586148730485593,-0.09277413088797648,0.3299146898775841,-0.7553136313147671
2025-03-23 14:53:12.142,-0.23766666666666666,-0.5966666666666667,0.7916666666666666,0.5586148730485594,-0.09277413088797648,0.32991468987758404,-0.755313631314767
2025-03-23 14:53:12.143,-0.237,-0.579,0.826,0.5586148730485593,-0.09277413088797648,0.3299146898775841,-0.7553136313147671
2025-03-23 14:53:12.160,-0.21375,-0.5832499999999999,0.7907500000000001,0.5586148730485593,-0.09277413088797648,0.3299146898775841,-0.7553136313147671
2025-03-23 14:53:12.233,-0.24275,-0.5954999999999999,0.728,0.5586148730485593,-0.09277413088797648,0.3299146898775841,-0.7553136313147671
2025-03-23 14:53:12.247,-0.2395,-0.6085,0.7545,0.5586148730485593,-0.09277413088797648,0.3299146898775841,-0.7553136313147671
2025-03-23 14:53:12.327,-0.14300000000000002,-0.62575,0.796,0.5586148730485593,-0.09277413088797648,0.3299146898775841,-0.7553136313147671
2025-03-23 14:53:12.330,-0.22,-0.6335,0.762,0.5586148730485593,-0.09277413088797648,0.3299146898775841,-0.7553136313147671
2025-03-23 14:53:12.339,-0.20975,-0.6375,0.74275,0.5586148730485593,-0.09277413088797648,0.3299146898775841,-0.7553136313147671
2025-03-23 14:53:12.359,-0.0785,-0.65275,0.786,-0.56175030134223,0.11767521170648665,-0.3248794849511212,0.7516930648540276
2025-03-23 14:53:12.430,-0.08,-0.659,0.819,0.5645102801556435,-0.14249764352922645,0.31962714470051246,-0.7475700994273461
2025-03-23 14:53:12.431,-0.165,-0.6583333333333333,0.7639999999999999,0.5645102801556435,-0.14249764352922645,0.3196271447005125,-0.7475700994273461
2025-03-23 14:53:12.435,-0.11424999999999999,-0.67875,0.7585,0.5645102801556435,-0.14249764352922645,0.31962714470051246,-0.7475700994273461
2025-03-23 14:53:12.472,-0.16325,-0.6925,0.7875000000000001,0.5645102801556435,-0.14249764352922645,0.31962714470051246,-0.7475700994273461
2025-03-23 14:53:12.530,-0.122,-0.6603333333333333,0.7473333333333333,0.5645102801556435,-0.14249764352922645,0.3196271447005125,-0.7475700994273461
2025-03-23 14:53:12.531,-0.114,-0.642,0.741,0.5645102801556435,-0.14249764352922645,0.31962714470051246,-0.7475700994273461
2025-03-23 14:53:12.546,-0.16225,-0.645,0.74925,0.5645102801556435,-0.14249764352922645,0.31962714470051246,-0.7475700994273461
2025-03-23 14:53:12.563,-0.153,-0.646,0.777,0.5645102801556435,-0.14249764352922645,0.31962714470051246,-0.7475700994273461
2025-03-23 14:53:12.564,-0.17966666666666667,-0.6443333333333333,0.7423333333333333,0.5645102801556435,-0.14249764352922645,0.3196271447005125,-0.7475700994273461
2025-03-23 14:53:12.634,-0.14475,-0.6627500000000001,0.756,0.5645102801556435,-0.14249764352922645,0.31962714470051246,-0.7475700994273461
2025-03-23 14:53:12.654,-0.11625,-0.68825,0.7715,0.5645102801556435,-0.14249764352922645,0.31962714470051246,-0.7475700994273461
2025-03-23 14:53:12.731,-0.098,-0.7195,0.819,0.5645102801556435,-0.14249764352922645,0.31962714470051246,-0.7475700994273461
2025-03-23 14:53:12.732,-0.14300000000000002,-0.7164999999999999,0.7965,0.5645102801556435,-0.14249764352922645,0.31962714470051246,-0.7475700994273461
2025-03-23 14:53:12.742,-0.1275,-0.73075,0.813,0.5432682707594233,-0.1652285982160222,0.3272570299008057,-0.7552893039744024
2025-03-23 14:53:12.764,-0.1275,-0.70975,0.789,0.5432682707594233,-0.1652285982160222,0.3272570299008057,-0.7552893039744024
2025-03-23 14:53:12.826,-0.079,-0.6817500000000001,0.77025,0.5432682707594233,-0.1652285982160222,0.3272570299008057,-0.7552893039744024
2025-03-23 14:53:12.855,-0.10450000000000001,-0.656,0.7444999999999999,0.5432682707594233,-0.1652285982160221,0.3272570299008057,-0.7552893039744025
2025-03-23 14:53:12.856,-0.11399999999999999,-0.651,0.727,0.5432682707594233,-0.1652285982160221,0.3272570299008057,-0.7552893039744025
2025-03-23 14:53:12.931,-0.0935,-0.63075,0.7122499999999999,0.5432682707594233,-0.1652285982160222,0.3272570299008057,-0.7552893039744024
2025-03-23 14:53:12.945,-0.1255,-0.6134999999999999,0.6895,0.5432682707594233,-0.1652285982160221,0.3272570299008057,-0.7552893039744025
2025-03-23 14:53:12.946,-0.11149999999999999,-0.619,0.7075,0.5432682707594233,-0.1652285982160221,0.3272570299008057,-0.7552893039744025
2025-03-23 14:53:12.966,-0.101,-0.62,0.726,0.5432682707594233,-0.1652285982160221,0.3272570299008057,-0.7552893039744025
2025-03-23 14:53:12.967,-0.08666666666666667,-0.6006666666666667,0.7136666666666667,0.5432682707594233,-0.1652285982160222,0.32725702990080563,-0.7552893039744025
2025-03-23 14:53:13.026,-0.092,-0.59775,0.7072499999999999,0.5432682707594233,-0.1652285982160222,0.3272570299008057,-0.7552893039744024
2025-03-23 14:53:13.057,-0.13225,-0.62925,0.72625,0.5432682707594233,-0.1652285982160222,0.3272570299008057,-0.7552893039744024
2025-03-23 14:53:13.136,-0.1015,-0.65075,0.75825,0.5432682707594233,-0.1652285982160222,0.3272570299008057,-0.7552893039744024
2025-03-23 14:53:13.147,-0.09875,-0.6395,0.749,0.5279763936980576,-0.15463773038645845,0.3186159277056564,-0.7718885869416537
2025-03-23 14:53:13.169,-0.10250000000000001,-0.6445000000000001,0.75875,0.5279763936980576,-0.15463773038645845,0.3186159277056564,-0.7718885869416537
2025-03-23 14:53:13.237,-0.11775,-0.648,0.7595000000000001,0.5279763936980576,-0.15463773038645845,0.3186159277056564,-0.7718885869416537
2025-03-23 14:53:13.265,-0.11225,-0.664,0.76475,0.5279763936980576,-0.15463773038645845,0.3186159277056564,-0.7718885869416537
2025-03-23 14:53:13.337,-0.121,-0.662,0.7455,0.5279763936980576,-0.15463773038645845,0.3186159277056564,-0.7718885869416537
2025-03-23 14:53:13.341,-0.08,-0.66825,0.769,0.5279763936980576,-0.15463773038645845,0.3186159277056564,-0.7718885869416537
2025-03-23 14:53:13.371,-0.097,-0.6585000000000001,0.7505,0.5279763936980576,-0.15463773038645845,0.3186159277056564,-0.7718885869416539
2025-03-23 14:53:13.372,-0.14550000000000002,-0.669,0.7324999999999999,0.5279763936980576,-0.15463773038645845,0.3186159277056564,-0.7718885869416539
2025-03-23 14:53:13.442,-0.11975,-0.677,0.7395,0.5279763936980576,-0.15463773038645845,0.3186159277056564,-0.7718885869416537
2025-03-23 14:53:13.462,-0.08175,-0.654,0.7184999999999999,0.5279763936980576,-0.15463773038645845,0.3186159277056564,-0.7718885869416537
2025-03-23 14:53:13.529,-0.09275,-0.6635,0.727,0.5279763936980576,-0.15463773038645845,0.3186159277056564,-0.7718885869416537
2025-03-23 14:53:13.534,-0.09475,-0.6735,0.736,-0.5242691156348198,0.15911186999400373,-0.32260906833498926,0.7718475861506114
2025-03-23 14:53:13.574,-0.08725,-0.682,0.758,0.5205357768411515,-0.1635781003590846,0.32658617249047045,-0.7717682178279412
2025-03-23 14:53:13.644,-0.08725,-0.68125,0.73725,0.5205357768411515,-0.1635781003590846,0.32658617249047045,-0.7717682178279412
2025-03-23 14:53:13.721,-0.09375,-0.67425,0.72,0.5205357768411515,-0.1635781003590846,0.32658617249047045,-0.7717682178279412
2025-03-23 14:53:13.726,-0.191,-0.7925,0.882,0.5205357768411515,-0.1635781003590846,0.32658617249047045,-0.7717682178279412
2025-03-23 14:53:13.727,-0.10500000000000001,-0.741,0.774,0.5205357768411515,-0.1635781003590846,0.32658617249047045,-0.7717682178279412
2025-03-23 14:53:13.732,-0.067,-0.721,0.766,0.5205357768411515,-0.1635781003590846,0.32658617249047045,-0.7717682178279412
2025-03-23 14:53:13.733,0.0235,-0.8049999999999999,0.893,0.5205357768411515,-0.1635781003590846,0.32658617249047045,-0.7717682178279412
2025-03-23 14:53:13.844,-0.07666666666666667,-0.6673333333333332,0.7120000000000001,0.5205357768411516,-0.1635781003590845,0.3265861724904705,-0.7717682178279414
2025-03-23 14:53:13.845,-0.157,-0.639,0.66,0.5205357768411515,-0.1635781003590846,0.32658617249047045,-0.7717682178279412
2025-03-23 14:53:13.867,-0.09875,-0.65275,0.6965,0.5205357768411515,-0.1635781003590846,0.32658617249047045,-0.7717682178279412
2025-03-23 14:53:13.889,-0.16666666666666666,-0.6716666666666667,0.7879999999999999,0.5205357768411516,-0.1635781003590845,0.3265861724904705,-0.7717682178279414
2025-03-23 14:53:13.890,-0.279,-0.718,0.862,0.5205357768411515,-0.1635781003590846,0.32658617249047045,-0.7717682178279412
2025-03-23 14:53:13.939,-0.15625,-0.67225,0.7292500000000001,0.5205357768411515,-0.1635781003590846,0.32658617249047045,-0.7717682178279412
2025-03-23 14:53:13.962,-0.10425,-0.71675,0.848,0.5532809730101963,-0.15088844682833868,0.32554822439043674,-0.7517520835454037
2025-03-23 14:53:13.979,-0.102,-0.6656666666666666,0.8023333333333333,0.5532809730101963,-0.1508884468283388,0.32554822439043685,-0.7517520835454038
2025-03-23 14:53:13.980,-0.125,-0.615,0.762,0.5532809730101964,-0.15088844682833857,0.3255482243904368,-0.7517520835454037
2025-03-23 14:53:14.035,-0.14100000000000001,-0.6555,0.8305,0.5532809730101964,-0.15088844682833857,0.3255482243904368,-0.7517520835454037
2025-03-23 14:53:14.036,-0.096,-0.659,0.819,0.5532809730101964,-0.15088844682833857,0.3255482243904368,-0.7517520835454037
2025-03-23 14:53:14.068,-0.131,-0.581,0.752,0.5532809730101964,-0.15088844682833857,0.3255482243904368,-0.7517520835454037
2025-03-23 14:53:14.069,-0.22133333333333335,-0.529,0.7113333333333333,0.5532809730101963,-0.1508884468283388,0.32554822439043685,-0.7517520835454038
2025-03-23 14:53:14.126,-0.25825,-0.55475,0.766,0.5532809730101963,-0.15088844682833868,0.32554822439043674,-0.7517520835454037
2025-03-23 14:53:14.137,-0.23675000000000002,-0.51925,0.7935,0.5532809730101963,-0.15088844682833868,0.32554822439043674,-0.7517520835454037
2025-03-23 14:53:14.228,-0.18225,-0.551,0.9352499999999999,0.5532809730101963,-0.15088844682833868,0.32554822439043674,-0.7517520835454037
2025-03-23 14:53:14.236,-0.1595,-0.48924999999999996,0.9327500000000001,0.5532809730101963,-0.15088844682833868,0.32554822439043674,-0.7517520835454037
2025-03-23 14:53:14.272,-0.134,-0.4365,0.9505,0.5532809730101963,-0.15088844682833868,0.32554822439043674,-0.7517520835454037
2025-03-23 14:53:14.330,-0.15225,-0.39725,0.9465,0.5532809730101963,-0.15088844682833868,0.32554822439043674,-0.7517520835454037
2025-03-23 14:53:14.353,-0.17174999999999999,-0.39125,0.891,-0.5611805400085771,0.12578255634829083,-0.2972359601258767,0.7621718533521291
2025-03-23 14:53:14.426,-0.162,-0.387,0.922,0.5795624207592832,-0.0487427266712811,0.20884168261722633,-0.7862039803014826
2025-03-23 14:53:14.427,-0.15666666666666665,-0.36866666666666664,0.9076666666666666,0.5795624207592832,-0.0487427266712811,0.2088416826172263,-0.7862039803014828
2025-03-23 14:53:14.433,-0.15175,-0.3575,0.88225,0.5795624207592832,-0.0487427266712811,0.20884168261722633,-0.7862039803014826
2025-03-23 14:53:14.474,-0.1775,-0.36824999999999997,0.8955,0.5795624207592832,-0.0487427266712811,0.20884168261722633,-0.7862039803014826
2025-03-23 14:53:14.530,-0.188,-0.369,0.891,0.5795624207592832,-0.0487427266712811,0.20884168261722633,-0.7862039803014826
2025-03-23 14:53:14.531,-0.19933333333333333,-0.3586666666666667,0.874,0.5795624207592832,-0.0487427266712811,0.2088416826172263,-0.7862039803014828
2025-03-23 14:53:14.542,-0.20525,-0.365,0.88575,0.5795624207592832,-0.0487427266712811,0.20884168261722633,-0.7862039803014826
2025-03-23 14:53:14.630,-0.19675,-0.37224999999999997,0.88625,0.5795624207592832,-0.0487427266712811,0.20884168261722633,-0.7862039803014826
2025-03-23 14:53:14.642,-0.19725,-0.3755,0.9005000000000001,0.5795624207592832,-0.0487427266712811,0.20884168261722633,-0.7862039803014826
2025-03-23 14:53:14.722,-0.175,-0.37725,0.93475,0.5795624207592832,-0.0487427266712811,0.20884168261722633,-0.7862039803014826
2025-03-23 14:53:14.724,-0.18,-0.381,0.92,0.5795624207592832,-0.0487427266712811,0.20884168261722633,-0.7862039803014826
2025-03-23 14:53:14.725,-0.17366666666666666,-0.37799999999999995,0.9116666666666667,0.5795624207592832,-0.0487427266712811,0.2088416826172263,-0.7862039803014828
2025-03-23 14:53:14.746,-0.18866666666666668,-0.3826666666666667,0.9173333333333334,0.5795624207592832,-0.0487427266712811,0.2088416826172263,-0.7862039803014828
2025-03-23 14:53:14.747,-0.199,-0.392,0.934,0.568506876996912,-0.042081989487809834,0.21531017910469186,-0.7928874849194377
2025-03-23 14:53:14.823,-0.20675,-0.40025,0.9375,0.568506876996912,-0.042081989487809834,0.21531017910469186,-0.7928874849194377
2025-03-23 14:53:14.834,-0.187,-0.398,0.92225,0.568506876996912,-0.042081989487809834,0.21531017910469186,-0.7928874849194377
2025-03-23 14:53:14.924,-0.19725,-0.39725,0.9105000000000001,0.568506876996912,-0.042081989487809834,0.21531017910469186,-0.7928874849194377
2025-03-23 14:53:14.928,-0.20525,-0.405,0.9275,0.568506876996912,-0.042081989487809834,0.21531017910469186,-0.7928874849194377
2025-03-23 14:53:14.970,-0.18125,-0.39975000000000005,0.9105000000000001,0.568506876996912,-0.042081989487809834,0.21531017910469186,-0.7928874849194377
2025-03-23 14:53:15.026,-0.19475,-0.40125,0.90375,0.568506876996912,-0.042081989487809834,0.21531017910469186,-0.7928874849194377
2025-03-23 14:53:15.039,-0.2005,-0.412,0.92925,0.568506876996912,-0.042081989487809834,0.21531017910469186,-0.7928874849194377
2025-03-23 14:53:15.059,-0.18,-0.40700000000000003,0.92525,0.568506876996912,-0.042081989487809834,0.21531017910469186,-0.7928874849194377
2025-03-23 14:53:15.164,-0.175,-0.396,0.894,0.568506876996912,-0.042081989487809834,0.21531017910469186,-0.7928874849194377
2025-03-23 14:53:15.165,-0.17899999999999996,-0.399,0.8969999999999999,-0.5693370716418444,0.04274587202667024,-0.2169195331642253,0.7918169014429935
2025-03-23 14:53:15.172,-0.20525,-0.40475,0.9105000000000001,0.5709891615211682,-0.04407302276598313,0.22013509805418977,-0.7896641594338032
2025-03-23 14:53:15.238,-0.19699999999999998,-0.39966666666666667,0.8833333333333333,0.5709891615211683,-0.044073022765983016,0.22013509805418974,-0.7896641594338031
2025-03-23 14:53:15.239,-0.183,-0.396,0.884,0.5709891615211682,-0.04407302276598313,0.22013509805418977,-0.7896641594338032
2025-03-23 14:53:15.245,-0.18725,-0.40375000000000005,0.904,0.5709891615211682,-0.04407302276598313,0.22013509805418977,-0.7896641594338032
2025-03-23 14:53:15.261,-0.1995,-0.41,0.917,0.5709891615211682,-0.04407302276598313,0.22013509805418977,-0.7896641594338032
2025-03-23 14:53:15.262,-0.192,-0.412,0.9225000000000001,0.5709891615211682,-0.04407302276598313,0.22013509805418977,-0.7896641594338032
2025-03-23 14:53:15.334,-0.1845,-0.40475,0.9145000000000001,0.5709891615211682,-0.04407302276598313,0.22013509805418977,-0.7896641594338032
2025-03-23 14:53:15.352,-0.18366666666666664,-0.4063333333333334,0.9226666666666667,0.5709891615211683,-0.044073022765983016,0.22013509805418974,-0.7896641594338031
2025-03-23 14:53:15.353,-0.19,-0.404,0.913,0.5709891615211682,-0.04407302276598313,0.22013509805418977,-0.7896641594338032
2025-03-23 14:53:15.435,-0.19,-0.4045,0.903,0.5709891615211682,-0.04407302276598313,0.22013509805418977,-0.7896641594338032
2025-03-23 14:53:15.444,-0.1945,-0.4125,0.914,0.5709891615211682,-0.04407302276598313,0.22013509805418977,-0.7896641594338032
2025-03-23 14:53:15.445,-0.196,-0.411,0.9105000000000001,0.5709891615211682,-0.04407302276598313,0.22013509805418977,-0.7896641594338032
2025-03-23 14:53:15.464,-0.19299999999999998,-0.41333333333333333,0.914,0.5709891615211683,-0.044073022765983016,0.22013509805418974,-0.7896641594338031
2025-03-23 14:53:15.465,-0.19,-0.415,0.913,0.5709891615211682,-0.04407302276598313,0.22013509805418977,-0.7896641594338032
2025-03-23 14:53:15.534,-0.18975,-0.416,0.9155,0.5709891615211682,-0.04407302276598313,0.22013509805418977,-0.7896641594338032
2025-03-23 14:53:15.554,-0.189,-0.41474999999999995,0.9205000000000001,-0.5679682171748001,0.04473261488497937,-0.2251506589895522,0.7903912184490677
2025-03-23 14:53:15.629,-0.179,-0.41274999999999995,0.9015,0.5669568030628612,-0.044952125125986564,0.22682072302169135,-0.7906273771602618
2025-03-23 14:53:15.666,-0.18925,-0.412,0.9015,0.5669568030628612,-0.044952125125986564,0.22682072302169135,-0.7906273771602618
2025-03-23 14:53:15.729,-0.17775,-0.4125,0.89575,0.5669568030628612,-0.044952125125986564,0.22682072302169135,-0.7906273771602618
2025-03-23 14:53:15.735,-0.18275,-0.416,0.9145000000000001,0.5669568030628612,-0.044952125125986564,0.22682072302169135,-0.7906273771602618
2025-03-23 14:53:15.821,-0.18133333333333335,-0.4136666666666666,0.9226666666666667,0.5669568030628612,-0.04495212512598645,0.22682072302169132,-0.7906273771602617
2025-03-23 14:53:15.822,-0.171,-0.41,0.908,0.5669568030628612,-0.044952125125986564,0.22682072302169137,-0.7906273771602618
2025-03-23 14:53:15.826,-0.17825,-0.411,0.90375,0.5669568030628612,-0.044952125125986564,0.22682072302169135,-0.7906273771602618
2025-03-23 14:53:15.849,-0.186,-0.415,0.895,0.5669568030628612,-0.044952125125986564,0.22682072302169137,-0.7906273771602618
2025-03-23 14:53:15.850,-0.189,-0.421,0.9215,0.5669568030628612,-0.044952125125986564,0.22682072302169137,-0.7906273771602618
2025-03-23 14:53:15.943,-0.18833333333333332,-0.4143333333333333,0.9113333333333333,0.5669568030628612,-0.04495212512598645,0.22682072302169132,-0.7906273771602617
2025-03-23 14:53:15.944,-0.171,-0.412,0.894,0.5669568030628612,-0.044952125125986564,0.22682072302169137,-0.7906273771602618
2025-03-23 14:53:15.959,-0.1695,-0.411,0.897,0.5669568030628612,-0.044952125125986564,0.22682072302169135,-0.7906273771602618
2025-03-23 14:53:15.982,-0.17725,-0.413,0.915,0.5669568030628612,-0.044952125125986564,0.22682072302169135,-0.7906273771602618
2025-03-23 14:53:16.028,-0.17625,-0.41625,0.91925,-0.5665780088565089,0.047197766073124425,-0.2253581199649854,0.7911861023322816
2025-03-23 14:53:16.050,-0.17425,-0.41325,0.908,0.5661948872577325,-0.049443046534588087,0.223893795674829,-0.7917387846069563
2025-03-23 14:53:16.071,-0.18275,-0.41325,0.895,0.5661948872577325,-0.049443046534588087,0.223893795674829,-0.7917387846069563
2025-03-23 14:53:16.127,-0.18425,-0.41725,0.90175,0.5661948872577325,-0.049443046534588087,0.223893795674829,-0.7917387846069563
2025-03-23 14:53:16.228,-0.17025,-0.42074999999999996,0.905,0.5661948872577325,-0.049443046534588087,0.223893795674829,-0.7917387846069563
2025-03-23 14:53:16.233,-0.167,-0.41774999999999995,0.90725,0.5661948872577325,-0.049443046534588087,0.223893795674829,-0.7917387846069563
2025-03-23 14:53:16.237,-0.1695,-0.41625,0.91125,0.5661948872577325,-0.049443046534588087,0.223893795674829,-0.7917387846069563
2025-03-23 14:53:16.274,-0.17625,-0.424,0.9197500000000001,0.5661948872577325,-0.049443046534588087,0.223893795674829,-0.7917387846069563
2025-03-23 14:53:16.325,-0.17525,-0.41925,0.902,0.5661948872577325,-0.049443046534588087,0.223893795674829,-0.7917387846069563
2025-03-23 14:53:16.364,-0.17675,-0.4145,0.89375,0.5661948872577325,-0.049443046534588087,0.223893795674829,-0.7917387846069563
2025-03-23 14:53:16.422,-0.1675,-0.4115,0.9005000000000001,0.5630457763189205,-0.05045230971420123,0.22496029871574935,-0.7936163318730577
2025-03-23 14:53:16.423,-0.166,-0.4185,0.9095,0.5630457763189205,-0.05045230971420123,0.22496029871574935,-0.7936163318730577
2025-03-23 14:53:16.431,-0.172,-0.4225,0.9165000000000001,0.5630457763189205,-0.05045230971420134,0.22496029871574935,-0.7936163318730578
2025-03-23 14:53:16.476,-0.18,-0.428,0.926,0.5630457763189205,-0.05045230971420123,0.22496029871574935,-0.7936163318730577
2025-03-23 14:53:16.477,-0.19066666666666668,-0.4246666666666667,0.9126666666666666,0.5630457763189205,-0.05045230971420145,0.22496029871574938,-0.7936163318730578
2025-03-23 14:53:16.544,-0.18525,-0.42725,0.9137500000000001,0.5630457763189205,-0.05045230971420134,0.22496029871574935,-0.7936163318730578
2025-03-23 14:53:16.566,-0.1875,-0.4245,0.9015,0.5630457763189205,-0.05045230971420134,0.22496029871574935,-0.7936163318730578
2025-03-23 14:53:16.629,-0.18266666666666667,-0.42333333333333334,0.8963333333333333,0.5630457763189205,-0.05045230971420145,0.22496029871574938,-0.7936163318730578
2025-03-23 14:53:16.630,-0.177,-0.424,0.91,0.5630457763189205,-0.05045230971420123,0.22496029871574935,-0.7936163318730577
2025-03-23 14:53:16.634,-0.175,-0.4225,0.91525,0.5630457763189205,-0.05045230971420134,0.22496029871574935,-0.7936163318730578
2025-03-23 14:53:16.731,-0.1665,-0.418,0.90725,0.5630457763189205,-0.05045230971420134,0.22496029871574935,-0.7936163318730578
2025-03-23 14:53:16.745,-0.16875,-0.4205,0.89675,0.5630457763189205,-0.05045230971420134,0.22496029871574935,-0.7936163318730578
2025-03-23 14:53:16.769,-0.17675,-0.42425,0.8865000000000001,0.5630457763189205,-0.05045230971420134,0.22496029871574935,-0.7936163318730578
2025-03-23 14:53:16.825,-0.17033333333333334,-0.4326666666666667,0.9033333333333333,0.5595592610607154,-0.053591844730034865,0.22733782538680417,-0.7951973721586463
2025-03-23 14:53:16.826,-0.178,-0.435,0.911,0.5595592610607154,-0.053591844730034977,0.22733782538680425,-0.7951973721586466
2025-03-23 14:53:16.835,-0.17475,-0.43325,0.9157500000000001,0.5595592610607154,-0.053591844730034977,0.22733782538680428,-0.7951973721586466
2025-03-23 14:53:16.881,-0.16,-0.43,0.9105000000000001,0.5595592610607154,-0.053591844730034977,0.22733782538680428,-0.7951973721586466
2025-03-23 14:53:16.936,-0.1625,-0.42825,0.9095,0.5595592610607154,-0.053591844730034977,0.22733782538680428,-0.7951973721586466
2025-03-23 14:53:16.971,-0.16633333333333333,-0.429,0.8976666666666667,0.5595592610607154,-0.053591844730034865,0.22733782538680417,-0.7951973721586463
2025-03-23 14:53:16.972,-0.167,-0.427,0.897,0.5595592610607154,-0.053591844730034977,0.22733782538680425,-0.7951973721586466
2025-03-23 14:53:17.018,-0.1605,-0.423,0.89425,0.5595592610607154,-0.053591844730034977,0.22733782538680428,-0.7951973721586466
2025-03-23 14:53:17.061,-0.16133333333333333,-0.4246666666666667,0.8889999999999999,0.5595592610607154,-0.053591844730034865,0.22733782538680417,-0.7951973721586463
2025-03-23 14:53:17.062,-0.162,-0.423,0.899,0.5595592610607154,-0.053591844730034977,0.22733782538680425,-0.7951973721586466
2025-03-23 14:53:17.126,-0.166,-0.427,0.898,0.5595592610607154,-0.053591844730034865,0.22733782538680417,-0.7951973721586463
2025-03-23 14:53:17.127,-0.172,-0.435,0.894,0.5595592610607154,-0.053591844730034977,0.22733782538680425,-0.7951973721586466
2025-03-23 14:53:17.136,-0.18375,-0.43725,0.9085000000000001,0.5595592610607154,-0.053591844730034977,0.22733782538680428,-0.7951973721586466
2025-03-23 14:53:17.174,-0.1865,-0.43775,0.91,0.5595592610607154,-0.053591844730034977,0.22733782538680428,-0.7951973721586466
2025-03-23 14:53:17.233,-0.1885,-0.43674999999999997,0.8885000000000001,-0.5593272444309179,0.05455992887468175,-0.22827011430420682,0.7950276741812516
2025-03-23 14:53:17.241,-0.1845,-0.44375,0.89125,0.5586248498369242,-0.05746358486838221,0.2310644149641442,-0.7945095655157499
2025-03-23 14:53:17.326,-0.18466666666666667,-0.44933333333333336,0.8996666666666666,0.5586248498369243,-0.05746358486838221,0.23106441496414426,-0.79450956551575
2025-03-23 14:53:17.327,-0.183,-0.446,0.906,0.5586248498369242,-0.057463584868382434,0.23106441496414426,-0.7945095655157501
2025-03-23 14:53:17.334,-0.1545,-0.4465,0.9157500000000001,0.5586248498369242,-0.05746358486838221,0.2310644149641442,-0.7945095655157499
2025-03-23 14:53:17.376,-0.145,-0.446,0.925,0.5586248498369242,-0.057463584868382434,0.23106441496414426,-0.7945095655157501
2025-03-23 14:53:17.377,-0.14633333333333332,-0.4446666666666667,0.9226666666666667,0.5586248498369243,-0.05746358486838221,0.23106441496414426,-0.79450956551575
2025-03-23 14:53:17.432,-0.13625,-0.4365,0.9137500000000001,0.5586248498369242,-0.05746358486838221,0.2310644149641442,-0.7945095655157499
2025-03-23 14:53:17.443,-0.12475,-0.4125,0.88525,0.5586248498369242,-0.05746358486838221,0.2310644149641442,-0.7945095655157499
2025-03-23 14:53:17.579,-0.1245,-0.41474999999999995,0.855,0.5586248498369242,-0.05746358486838221,0.2310644149641442,-0.7945095655157499
2025-03-23 14:53:17.631,-0.16749999999999998,-0.44425000000000003,0.89775,0.5586248498369242,-0.05746358486838221,0.2310644149641442,-0.7945095655157499
2025-03-23 14:53:17.649,-0.1805,-0.47075,0.91925,0.5586248498369242,-0.05746358486838221,0.2310644149641442,-0.7945095655157499
2025-03-23 14:53:17.736,-0.1905,-0.48024999999999995,0.9175,0.5586248498369242,-0.05746358486838221,0.2310644149641442,-0.7945095655157499
2025-03-23 14:53:17.816,-0.19125,-0.46975,0.90075,-0.5535919212018154,0.05957121005106758,-0.23330701649103078,0.7972170919951406
2025-03-23 14:53:17.821,-0.1885,-0.4545,0.8865000000000001,0.5519091267241095,-0.0602731808865371,0.23405235199411217,-0.7981121199621478
2025-03-23 14:53:17.822,-0.178,-0.448,0.8755,0.5519091267241095,-0.0602731808865371,0.23405235199411217,-0.7981121199621478
2025-03-23 14:53:17.828,-0.17575,-0.44375,0.86525,0.5519091267241095,-0.0602731808865371,0.23405235199411215,-0.7981121199621478
2025-03-23 14:53:17.849,-0.185,-0.4455,0.869,0.5519091267241095,-0.0602731808865371,0.23405235199411215,-0.7981121199621478
2025-03-23 14:53:17.873,-0.193,-0.443,0.862,0.5519091267241095,-0.0602731808865371,0.23405235199411217,-0.7981121199621478
2025-03-23 14:53:17.874,-0.17733333333333334,-0.4583333333333333,0.8863333333333333,0.5519091267241095,-0.060273180886537436,0.23405235199411226,-0.798112119962148
2025-03-23 14:53:17.936,-0.1555,-0.45,0.90175,0.5519091267241095,-0.0602731808865371,0.23405235199411215,-0.7981121199621478
2025-03-23 14:53:17.963,-0.192,-0.443,0.9395,0.5519091267241095,-0.0602731808865371,0.23405235199411215,-0.7981121199621478
2025-03-23 14:53:18.029,-0.23075,-0.46525,0.99075,0.5519091267241095,-0.0602731808865371,0.23405235199411215,-0.7981121199621478
2025-03-23 14:53:18.031,-0.247,-0.484,1.008,0.5519091267241095,-0.0602731808865371,0.23405235199411217,-0.7981121199621478
2025-03-23 14:53:18.032,-0.24866666666666667,-0.494,1.059,0.5519091267241095,-0.060273180886537436,0.23405235199411226,-0.798112119962148
2025-03-23 14:53:18.036,-0.257,-0.55875,1.0522500000000001,-0.5577232825066374,0.046752119446441864,-0.2431755591540687,0.7922276357887257
2025-03-23 14:53:18.053,-0.21575,-0.50575,0.877,0.574066713093815,-0.006040281072898446,0.2700925682398049,-0.7729559680239557
2025-03-23 14:53:18.130,-0.2925,-0.45025000000000004,0.8035,0.574066713093815,-0.006040281072898446,0.2700925682398049,-0.7729559680239557
2025-03-23 14:53:18.221,-0.48075,-0.3365,0.74925,0.574066713093815,-0.006040281072898446,0.2700925682398049,-0.7729559680239557
2025-03-23 14:53:18.254,-0.7055,-0.2525,0.59875,0.574066713093815,-0.006040281072898446,0.2700925682398049,-0.7729559680239557
2025-03-23 14:53:18.277,-0.7424999999999999,-0.12125,0.53925,0.574066713093815,-0.006040281072898446,0.2700925682398049,-0.7729559680239557
2025-03-23 14:53:18.342,-0.6585,-0.1745,0.5645,0.574066713093815,-0.006040281072898446,0.2700925682398049,-0.7729559680239557
2025-03-23 14:53:18.366,-0.5815,-0.15225,0.63125,0.574066713093815,-0.006040281072898446,0.2700925682398049,-0.7729559680239557
2025-03-23 14:53:18.429,-0.5925,-0.09724999999999999,0.566,0.574066713093815,-0.006040281072898446,0.2700925682398049,-0.7729559680239557
2025-03-23 14:53:18.430,-0.604,-0.39475,0.664,0.574066713093815,-0.006040281072898446,0.2700925682398049,-0.7729559680239557
2025-03-23 14:53:18.432,-0.6,-0.30674999999999997,0.6072500000000001,-0.5784124535391149,-0.029096579879906992,-0.2992989438381147,0.7582958293750157
2025-03-23 14:53:18.454,-0.5992500000000001,-0.3655,0.5255,0.583352924658284,0.13510994174852842,0.38350821955385417,-0.703111736829907
