Timestamp,压力值,Pressure Newton,Smoothed Newton
2025-03-23 19:40:01.000,4.0,0.010960863591756624,0.013717790682127523
2025-03-23 19:40:01.033,5.0,0.013714538310412572,0.013717790682127523
2025-03-23 19:40:01.066,7.0,0.019238149606299212,0.013717790682127523
2025-03-23 19:40:01.100,5.0,0.013714538310412572,0.013717790682127523
2025-03-23 19:40:01.133,4.0,0.010960863591756624,0.013717790682127523
2025-03-23 19:40:01.166,7.0,0.019238149606299212,0.01537324788503604
2025-03-23 19:40:01.200,3.0,0.008212588235294117,0.01427285787001235
2025-03-23 19:40:01.233,5.0,0.013714538310412572,0.01316813561083502
2025-03-23 19:40:01.266,7.0,0.019238149606299212,0.014272857870012349
2025-03-23 19:40:01.300,4.0,0.010960863591756624,0.014272857870012349
2025-03-23 19:40:01.333,5.0,0.013714538310412572,0.01316813561083502
2025-03-23 19:40:01.366,7.0,0.019238149606299212,0.01537324788503604
2025-03-23 19:40:01.400,6.0,0.01647362831858407,0.01592506588667034
2025-03-23 19:40:01.433,4.0,0.010960863591756624,0.014269608683761823
2025-03-23 19:40:01.466,5.0,0.013714538310412572,0.014820343627493012
2025-03-23 19:40:01.500,4.0,0.010960863591756624,0.014269608683761823
2025-03-23 19:40:01.533,5.0,0.013714538310412572,0.013164886424584495
2025-03-23 19:40:01.566,7.0,0.019238149606299212,0.013717790682127523
2025-03-23 19:40:01.600,5.0,0.013714538310412572,0.014268525625858713
2025-03-23 19:40:01.633,6.0,0.01647362831858407,0.014820343627493012
2025-03-23 19:40:01.666,6.0,0.01647362831858407,0.015922896572858503
2025-03-23 19:40:01.700,4.0,0.010960863591756624,0.015372161629127312
2025-03-23 19:40:01.733,5.0,0.013714538310412572,0.014267439369949984
2025-03-23 19:40:01.766,7.0,0.019238149606299212,0.015372161629127312
2025-03-23 19:40:01.800,6.0,0.01647362831858407,0.015372161629127312
2025-03-23 19:40:01.833,5.0,0.013714538310412572,0.014820343627493012
2025-03-23 19:40:01.866,7.0,0.019238149606299212,0.01647580083040153
2025-03-23 19:40:01.900,5.0,0.013714538310412572,0.01647580083040153
2025-03-23 19:40:01.933,5.0,0.013714538310412572,0.015371078571224201
2025-03-23 19:40:01.966,7.0,0.019238149606299212,0.01592398282876723
2025-03-23 19:40:02.000,6.0,0.01647362831858407,0.01647580083040153
2025-03-23 19:40:02.033,4.0,0.010960863591756624,0.014820343627493012
2025-03-23 19:40:02.066,8.0,0.022008118226600985,0.016479059610730692
2025-03-23 19:40:02.100,6.0,0.01647362831858407,0.017030877612364992
2025-03-23 19:40:02.133,4.0,0.010960863591756624,0.015375420409456476
2025-03-23 19:40:02.166,8.0,0.022008118226600985,0.01648231839105986
2025-03-23 19:40:02.200,5.0,0.013714538310412572,0.01703305333479105
2025-03-23 19:40:02.233,4.0,0.010960863591756624,0.014823602407822177
2025-03-23 19:40:02.266,7.0,0.019238149606299212,0.015376506665365205
2025-03-23 19:40:02.300,5.0,0.013714538310412572,0.015927241609096393
2025-03-23 19:40:02.333,4.0,0.010960863591756624,0.013717790682127523
2025-03-23 19:40:02.366,9.0,0.024783550295857985,0.015931593079216606
2025-03-23 19:40:02.400,5.0,0.013714538310412572,0.016482328022947794
2025-03-23 19:40:02.433,12.0,0.033142789317507415,0.019263255965189435
2025-03-23 19:40:02.466,31.0,0.08725875,0.03397209830310692
2025-03-23 19:40:02.500,35.0,0.0989168016194332,0.05156328590864223
2025-03-23 19:40:02.533,26.0,0.07281773319959879,0.0611701224893904
2025-03-23 19:40:02.566,28.0,0.07857672361809045,0.07414255955092597
2025-03-23 19:40:02.600,27.0,0.0756943373493976,0.08265286915730402
2025-03-23 19:40:02.633,32.0,0.09016443995963673,0.08323400714923136
2025-03-23 19:40:02.666,21.0,0.05852083832335329,0.07515481449001538
2025-03-23 19:40:02.700,19.0,0.05284195219123506,0.07115965828834263
2025-03-23 19:40:02.733,27.0,0.0756943373493976,0.07058318103460406
2025-03-23 19:40:02.766,29.0,0.08146490945674044,0.07173729545607262
2025-03-23 19:40:02.800,33.0,0.093076,0.07231960746414527
2025-03-23 19:40:02.833,27.0,0.0756943373493976,0.07575430726935414
2025-03-23 19:40:02.866,30.0,0.08435891238670695,0.08205769930844853
2025-03-23 19:40:02.900,28.0,0.07857672361809045,0.08263417656218709
2025-03-23 19:40:02.933,27.0,0.0756943373493976,0.08148006214071853
2025-03-23 19:40:02.966,30.0,0.08435891238670695,0.07973664461805992
2025-03-23 19:40:03.000,27.0,0.0756943373493976,0.0797366446180599
2025-03-23 19:40:03.033,28.0,0.07857672361809045,0.07858020686433662
2025-03-23 19:40:03.066,30.0,0.08435891238670695,0.0797366446180599
2025-03-23 19:40:03.100,28.0,0.07857672361809045,0.08031312187179848
2025-03-23 19:40:03.133,28.0,0.07857672361809045,0.07915668411807518
2025-03-23 19:40:03.166,30.0,0.08435891238670695,0.08088959912553705
2025-03-23 19:40:03.200,28.0,0.07857672361809045,0.08088959912553705
2025-03-23 19:40:03.233,22.0,0.06136879120879121,0.07629157488995392
2025-03-23 19:40:03.266,10.0,0.027564461994076996,0.0660891225651512
2025-03-23 19:40:03.300,15.0,0.041551785714285715,0.05868413498439026
2025-03-23 19:40:03.333,6.0,0.01647362831858407,0.0451070781707657
2025-03-23 19:40:03.366,20.0,0.05567856430707876,0.04052744630856335
2025-03-23 19:40:03.400,8.0,0.022008118226600985,0.03265531171212531
2025-03-23 19:40:03.433,5.0,0.013714538310412572,0.029885326975392423
2025-03-23 19:40:03.466,8.0,0.022008118226600985,0.025976593477855473
2025-03-23 19:40:03.500,7.0,0.019238149606299212,0.026529497735398505
2025-03-23 19:40:03.533,6.0,0.01647362831858407,0.018688510537699564
2025-03-23 19:40:03.566,10.0,0.027564461994076996,0.019799779291194766
2025-03-23 19:40:03.600,9.0,0.024783550295857985,0.02201358168828385
2025-03-23 19:40:03.633,7.0,0.019238149606299212,0.021459587964223495
2025-03-23 19:40:03.666,7.0,0.019238149606299212,0.021459587964223495
2025-03-23 19:40:03.700,8.0,0.022008118226600985,0.02256648594582688
2025-03-23 19:40:03.733,4.0,0.010960863591756624,0.019245766265362806
2025-03-23 19:40:03.766,7.0,0.019238149606299212,0.01813668612745105
2025-03-23 19:40:03.800,7.0,0.019238149606299212,0.01813668612745105
2025-03-23 19:40:03.833,6.0,0.01647362831858407,0.01758378186990802
2025-03-23 19:40:03.866,9.0,0.024783550295857985,0.01813886828375942
2025-03-23 19:40:03.900,6.0,0.01647362831858407,0.019241421229124915
2025-03-23 19:40:03.933,4.0,0.010960863591756624,0.017585964026216393
2025-03-23 19:40:03.966,7.0,0.019238149606299212,0.017585964026216393
2025-03-23 19:40:04.000,6.0,0.01647362831858407,0.017585964026216393
2025-03-23 19:40:04.033,4.0,0.010960863591756624,0.014821426685396122
2025-03-23 19:40:04.066,8.0,0.022008118226600985,0.015928324666999505
2025-03-23 19:40:04.100,6.0,0.01647362831858407,0.017030877612364992
2025-03-23 19:40:04.133,4.0,0.010960863591756624,0.015375420409456476
2025-03-23 19:40:04.166,8.0,0.022008118226600985,0.01648231839105986
2025-03-23 19:40:04.200,7.0,0.019238149606299212,0.018137775593968376
2025-03-23 19:40:04.233,4.0,0.010960863591756624,0.015928324666999505
2025-03-23 19:40:04.266,7.0,0.019238149606299212,0.016481228924542533
2025-03-23 19:40:04.300,6.0,0.01647362831858407,0.01758378186990802
2025-03-23 19:40:04.333,6.0,0.01647362831858407,0.01647688388830464
2025-03-23 19:40:04.366,10.0,0.027564461994076996,0.018142146365860194
2025-03-23 19:40:04.400,6.0,0.01647362831858407,0.019244699311225688
2025-03-23 19:40:04.433,7.0,0.019238149606299212,0.019244699311225685
2025-03-23 19:40:04.466,7.0,0.019238149606299212,0.019797603568768717
2025-03-23 19:40:04.500,7.0,0.019238149606299212,0.020350507826311745
2025-03-23 19:40:04.533,4.0,0.010960863591756624,0.017029788145847668
2025-03-23 19:40:04.566,12.0,0.033142789317507415,0.020363620345632338
2025-03-23 19:40:04.600,6.0,0.01647362831858407,0.019810716088089306
2025-03-23 19:40:04.633,4.0,0.010960863591756624,0.018155258885180794
2025-03-23 19:40:04.666,7.0,0.019238149606299212,0.01815525888518079
2025-03-23 19:40:04.700,7.0,0.019238149606299212,0.019810716088089313
2025-03-23 19:40:04.733,4.0,0.010960863591756624,0.01537433094293915
2025-03-23 19:40:04.766,6.0,0.01647362831858407,0.01537433094293915
2025-03-23 19:40:04.800,7.0,0.019238149606299212,0.017029788145847668
2025-03-23 19:40:04.833,4.0,0.010960863591756624,0.01537433094293915
2025-03-23 19:40:04.866,6.0,0.01647362831858407,0.014821426685396122
2025-03-23 19:40:04.900,5.0,0.013714538310412572,0.015372161629127312
2025-03-23 19:40:04.933,4.0,0.010960863591756624,0.014269608683761823
2025-03-23 19:40:04.966,6.0,0.01647362831858407,0.013716704426218794
2025-03-23 19:40:05.000,7.0,0.019238149606299212,0.015372161629127312
2025-03-23 19:40:05.033,4.0,0.010960863591756624,0.014269608683761823
2025-03-23 19:40:05.066,6.0,0.01647362831858407,0.014821426685396122
2025-03-23 19:40:05.100,6.0,0.01647362831858407,0.01592397963076161
2025-03-23 19:40:05.133,4.0,0.010960863591756624,0.014821426685396122
2025-03-23 19:40:05.166,6.0,0.01647362831858407,0.014268522427853094
2025-03-23 19:40:05.200,6.0,0.01647362831858407,0.015371075373218582
2025-03-23 19:40:05.233,5.0,0.013714538310412572,0.014819257371584283
2025-03-23 19:40:05.266,5.0,0.013714538310412572,0.014267439369949984
2025-03-23 19:40:05.300,7.0,0.019238149606299212,0.015922896572858503
2025-03-23 19:40:05.333,5.0,0.013714538310412572,0.015371078571224201
2025-03-23 19:40:05.366,5.0,0.013714538310412572,0.014819260569589902
2025-03-23 19:40:05.400,6.0,0.01647362831858407,0.015371078571224201
2025-03-23 19:40:05.433,5.0,0.013714538310412572,0.015371078571224201
2025-03-23 19:40:05.466,5.0,0.013714538310412572,0.014266356312046874
2025-03-23 19:40:05.500,7.0,0.019238149606299212,0.015371078571224201
2025-03-23 19:40:05.533,4.0,0.010960863591756624,0.014820343627493012
2025-03-23 19:40:05.566,5.0,0.013714538310412572,0.014268525625858713
2025-03-23 19:40:05.600,9.0,0.024783550295857985,0.016482328022947794
2025-03-23 19:40:05.633,4.0,0.010960863591756624,0.015931593079216606
2025-03-23 19:40:05.666,5.0,0.013714538310412572,0.014826870820039278
2025-03-23 19:40:05.700,7.0,0.019238149606299212,0.016482328022947794
2025-03-23 19:40:05.733,5.0,0.013714538310412572,0.016482328022947794
2025-03-23 19:40:05.766,5.0,0.013714538310412572,0.014268525625858713
2025-03-23 19:40:05.800,8.0,0.022008118226600985,0.016477976552827584
2025-03-23 19:40:05.833,4.0,0.010960863591756624,0.015927241609096393
2025-03-23 19:40:05.866,5.0,0.013714538310412572,0.014822519349919067
2025-03-23 19:40:05.900,7.0,0.019238149606299212,0.015927241609096393
2025-03-23 19:40:05.933,6.0,0.01647362831858407,0.016479059610730692
2025-03-23 19:40:05.966,5.0,0.013714538310412572,0.014820343627493012
2025-03-23 19:40:06.000,8.0,0.022008118226600985,0.017029794554461884
2025-03-23 19:40:06.033,5.0,0.013714538310412572,0.017029794554461884
2025-03-23 19:40:06.066,5.0,0.013714538310412572,0.015925072295284556
2025-03-23 19:40:06.100,7.0,0.019238149606299212,0.016477976552827584
2025-03-23 19:40:06.133,5.0,0.013714538310412572,0.016477976552827584
2025-03-23 19:40:06.166,6.0,0.01647362831858407,0.015371078571224201
2025-03-23 19:40:06.200,6.0,0.01647362831858407,0.015922896572858503
2025-03-23 19:40:06.233,5.0,0.013714538310412572,0.015922896572858503
2025-03-23 19:40:06.266,6.0,0.01647362831858407,0.015369992315315472
2025-03-23 19:40:06.300,7.0,0.019238149606299212,0.016474714574492802
2025-03-23 19:40:06.333,4.0,0.010960863591756624,0.015372161629127312
2025-03-23 19:40:06.366,6.0,0.01647362831858407,0.015372161629127312
2025-03-23 19:40:06.400,6.0,0.01647362831858407,0.01592397963076161
2025-03-23 19:40:06.433,5.0,0.013714538310412572,0.015372161629127312
2025-03-23 19:40:06.466,5.0,0.013714538310412572,0.014267439369949984
2025-03-23 19:40:06.500,7.0,0.019238149606299212,0.015922896572858503
2025-03-23 19:40:06.533,4.0,0.010960863591756624,0.014820343627493012
2025-03-23 19:40:06.566,5.0,0.013714538310412572,0.014268525625858713
2025-03-23 19:40:06.600,7.0,0.019238149606299212,0.01537324788503604
2025-03-23 19:40:06.633,5.0,0.013714538310412572,0.01537324788503604
2025-03-23 19:40:06.666,4.0,0.010960863591756624,0.013717790682127523
2025-03-23 19:40:06.700,8.0,0.022008118226600985,0.015927241609096393
2025-03-23 19:40:06.733,5.0,0.013714538310412572,0.015927241609096393
2025-03-23 19:40:06.766,4.0,0.010960863591756624,0.014271784406187878
2025-03-23 19:40:06.800,8.0,0.022008118226600985,0.01593050038942556
2025-03-23 19:40:06.833,5.0,0.013714538310412572,0.01648123533315675
2025-03-23 19:40:06.866,4.0,0.010960863591756624,0.014271784406187878
2025-03-23 19:40:06.900,7.0,0.019238149606299212,0.015376506665365205
2025-03-23 19:40:06.933,5.0,0.013714538310412572,0.015927241609096393
2025-03-23 19:40:06.966,4.0,0.010960863591756624,0.013717790682127523
2025-03-23 19:40:07.000,8.0,0.022008118226600985,0.015376506665365205
2025-03-23 19:40:07.033,5.0,0.013714538310412572,0.015927241609096393
2025-03-23 19:40:07.066,4.0,0.010960863591756624,0.014271784406187878
2025-03-23 19:40:07.100,8.0,0.022008118226600985,0.01593050038942556
2025-03-23 19:40:07.133,4.0,0.010960863591756624,0.015930500389425558
2025-03-23 19:40:07.166,4.0,0.010960863591756624,0.013721049462456688
2025-03-23 19:40:07.200,8.0,0.022008118226600985,0.01537976544569437
2025-03-23 19:40:07.233,5.0,0.013714538310412572,0.01593050038942556
2025-03-23 19:40:07.266,4.0,0.010960863591756624,0.013721049462456688
2025-03-23 19:40:07.300,7.0,0.019238149606299212,0.015376506665365205
2025-03-23 19:40:07.333,5.0,0.013714538310412572,0.015927241609096393
2025-03-23 19:40:07.366,4.0,0.010960863591756624,0.013717790682127523
2025-03-23 19:40:07.400,7.0,0.019238149606299212,0.014822512941304851
2025-03-23 19:40:07.433,5.0,0.013714538310412572,0.01537324788503604
2025-03-23 19:40:07.466,4.0,0.010960863591756624,0.013717790682127523
2025-03-23 19:40:07.500,7.0,0.019238149606299212,0.014822512941304851
2025-03-23 19:40:07.533,5.0,0.013714538310412572,0.01537324788503604
2025-03-23 19:40:07.566,4.0,0.010960863591756624,0.013717790682127523
2025-03-23 19:40:07.600,8.0,0.022008118226600985,0.015376506665365205
2025-03-23 19:40:07.633,7.0,0.019238149606299212,0.01703196386827372
2025-03-23 19:40:07.666,3.0,0.008212588235294117,0.014826851594072703
2025-03-23 19:40:07.700,7.0,0.019238149606299212,0.01593157385325003
2025-03-23 19:40:07.733,6.0,0.01647362831858407,0.01703412679861552
2025-03-23 19:40:07.766,3.0,0.008212588235294117,0.014275020800354147
2025-03-23 19:40:07.800,8.0,0.022008118226600985,0.0148290145244145
2025-03-23 19:40:07.833,5.0,0.013714538310412572,0.01592940453943819
2025-03-23 19:40:07.866,4.0,0.010960863591756624,0.014273947336529676
2025-03-23 19:40:07.900,7.0,0.019238149606299212,0.014826851594072704
2025-03-23 19:40:07.933,6.0,0.01647362831858407,0.016479059610730692
2025-03-23 19:40:07.966,3.0,0.008212588235294117,0.013719953612469322
2025-03-23 19:40:08.000,7.0,0.019238149606299212,0.014824675871646648
2025-03-23 19:40:08.033,5.0,0.013714538310412572,0.015375410815377837
2025-03-23 19:40:08.066,5.0,0.013714538310412572,0.01427068855620051
2025-03-23 19:40:08.100,7.0,0.019238149606299212,0.014823592813743538
2025-03-23 19:40:08.133,5.0,0.013714538310412572,0.01592398282876723
2025-03-23 19:40:08.166,5.0,0.013714538310412572,0.014819260569589902
2025-03-23 19:40:08.200,8.0,0.022008118226600985,0.016477976552827584
2025-03-23 19:40:08.233,5.0,0.013714538310412572,0.016477976552827584
2025-03-23 19:40:08.266,5.0,0.013714538310412572,0.015373254293650256
2025-03-23 19:40:08.300,8.0,0.022008118226600985,0.017031970276887937
2025-03-23 19:40:08.333,5.0,0.013714538310412572,0.017031970276887937
2025-03-23 19:40:08.366,5.0,0.013714538310412572,0.015373254293650256
2025-03-23 19:40:08.400,7.0,0.019238149606299212,0.016477976552827584
2025-03-23 19:40:08.433,4.0,0.010960863591756624,0.015927241609096393
2025-03-23 19:40:08.466,5.0,0.013714538310412572,0.014268525625858713
2025-03-23 19:40:08.500,7.0,0.019238149606299212,0.01537324788503604
2025-03-23 19:40:08.533,5.0,0.013714538310412572,0.01537324788503604
2025-03-23 19:40:08.566,5.0,0.013714538310412572,0.014268525625858713
2025-03-23 19:40:08.600,7.0,0.019238149606299212,0.01592398282876723
2025-03-23 19:40:08.633,4.0,0.010960863591756624,0.01537324788503604
2025-03-23 19:40:08.666,6.0,0.01647362831858407,0.014820343627493012
2025-03-23 19:40:08.700,7.0,0.019238149606299212,0.01592506588667034
2025-03-23 19:40:08.733,5.0,0.013714538310412572,0.01592506588667034
2025-03-23 19:40:08.766,21.0,0.05852083832335329,0.023781603630081156
2025-03-23 19:40:08.800,22.0,0.06136879120879121,0.03386318915348807
2025-03-23 19:40:08.833,25.0,0.06994689378757515,0.04455784224728629
2025-03-23 19:40:08.866,22.0,0.06136879120879121,0.05298397056778469
2025-03-23 19:40:08.900,9.0,0.024783550295857985,0.05519777296487377
2025-03-23 19:40:08.933,4.0,0.010960863591756624,0.04568577801855444
2025-03-23 19:40:08.966,7.0,0.019238149606299212,0.03725964969805604
2025-03-23 19:40:09.000,9.0,0.024783550295857985,0.028226980999712607
2025-03-23 19:40:09.033,18.0,0.05001098507462686,0.025955419772879733
2025-03-23 19:40:09.066,42.0,0.11954715596330275,0.04490814090636869
2025-03-23 19:40:09.100,46.0,0.131468659160696,0.06900970002015656
2025-03-23 19:40:09.133,49.0,0.140474045174538,0.09325687913380433
2025-03-23 19:40:09.166,30.0,0.08435891238670695,0.10517195155197412
2025-03-23 19:40:09.200,30.0,0.08435891238670695,0.11204153701439014
2025-03-23 19:40:09.233,30.0,0.08435891238670695,0.10500388829907098
2025-03-23 19:40:09.266,35.0,0.0989168016194332,0.09849351679081841
2025-03-23 19:40:09.300,32.0,0.09016443995963673,0.08843159574783815
2025-03-23 19:40:09.333,29.0,0.08146490945674044,0.08785279516184485
2025-03-23 19:40:09.366,40.0,0.11362278738555442,0.09370557016161435
2025-03-23 19:40:09.400,33.0,0.093076,0.09544898768427296
2025-03-23 19:40:09.433,28.0,0.07857672361809045,0.0913809720840044
2025-03-23 19:40:09.466,29.0,0.08146490945674044,0.08964106598342515
2025-03-23 19:40:09.500,36.0,0.10184607902735561,0.09371729989754818
2025-03-23 19:40:09.533,27.0,0.0756943373493976,0.08613160989031682
2025-03-23 19:40:09.566,13.0,0.035940237623762375,0.0747044574150693
2025-03-23 19:40:09.600,19.0,0.05284195219123506,0.06955750312969822
2025-03-23 19:40:09.633,17.0,0.047185646123260434,0.06270165046300222
2025-03-23 19:40:09.666,14.0,0.03874323092170466,0.05008108084187203
2025-03-23 19:40:09.700,19.0,0.05284195219123506,0.04551060381023952
2025-03-23 19:40:09.733,16.0,0.044365918570009925,0.047195739999489034
2025-03-23 19:40:09.766,19.0,0.05284195219123506,0.04719573999948903
2025-03-23 19:40:09.800,19.0,0.05284195219123506,0.048327001213083955
2025-03-23 19:40:09.833,17.0,0.047185646123260434,0.05001548425339511
2025-03-23 19:40:09.866,18.0,0.05001098507462686,0.04944929083007347
2025-03-23 19:40:09.900,19.0,0.05284195219123506,0.0511444975543185
2025-03-23 19:40:09.933,10.0,0.027564461994076996,0.04608899951488689
2025-03-23 19:40:09.966,12.0,0.033142789317507415,0.042149166940141355
2025-03-23 19:40:10.000,16.0,0.044365918570009925,0.041585221429491254
2025-03-23 19:40:10.033,14.0,0.03874323092170466,0.03933167059890681
2025-03-23 19:40:10.066,15.0,0.041551785714285715,0.03707363730351694
2025-03-23 19:40:10.100,16.0,0.044365918570009925,0.04043392861870353
2025-03-23 19:40:10.133,12.0,0.033142789317507415,0.040433928618703534
2025-03-23 19:40:10.166,19.0,0.05284195219123506,0.04212913534294856
2025-03-23 19:40:10.200,19.0,0.05284195219123506,0.04494887959685464
2025-03-23 19:40:10.233,18.0,0.05001098507462686,0.04664071946892286
2025-03-23 19:40:10.266,18.0,0.05001098507462686,0.04776973276984625
2025-03-23 19:40:10.300,18.0,0.05001098507462686,0.05114337192127014
2025-03-23 19:40:10.333,11.0,0.030350869565217393,0.046645155396066604
2025-03-23 19:40:10.366,12.0,0.033142789317507415,0.042705322821321084
2025-03-23 19:40:10.400,16.0,0.044365918570009925,0.04157630952039769
2025-03-23 19:40:10.433,11.0,0.030350869565217393,0.0376442864185158
2025-03-23 19:40:10.466,14.0,0.03874323092170466,0.03539073558793136
2025-03-23 19:40:10.500,16.0,0.044365918570009925,0.038193745388889866
2025-03-23 19:40:10.533,12.0,0.033142789317507415,0.038193745388889866
2025-03-23 19:40:10.566,13.0,0.035940237623762375,0.03650860919964036
2025-03-23 19:40:10.600,16.0,0.044365918570009925,0.03931161900059886
2025-03-23 19:40:10.633,14.0,0.03874323092170466,0.03931161900059886
2025-03-23 19:40:10.666,15.0,0.041551785714285715,0.03874879242945402
2025-03-23 19:40:10.700,11.0,0.030350869565217393,0.03819040847899602
2025-03-23 19:40:10.733,11.0,0.030350869565217393,0.037072534867287024
2025-03-23 19:40:10.766,12.0,0.033142789317507415,0.03482790901678652
2025-03-23 19:40:10.800,16.0,0.044365918570009925,0.03595244654644757
2025-03-23 19:40:10.833,11.0,0.030350869565217393,0.033712263316633906
2025-03-23 19:40:10.866,4.0,0.010960863591756624,0.029834262121941752
2025-03-23 19:40:10.900,8.0,0.022008118226600985,0.02816571185421847
2025-03-23 19:40:10.933,6.0,0.01647362831858407,0.0248318796544338
2025-03-23 19:40:10.966,5.0,0.013714538310412572,0.018701603602514334
2025-03-23 19:40:11.000,8.0,0.022008118226600985,0.01703305333479105
2025-03-23 19:40:11.033,6.0,0.01647362831858407,0.018135606280156535
2025-03-23 19:40:11.066,9.0,0.024783550295857985,0.018690692694007936
2025-03-23 19:40:11.100,14.0,0.03874323092170466,0.023144613214632057
2025-03-23 19:40:11.133,6.0,0.01647362831858407,0.023696431216266356
2025-03-23 19:40:11.166,4.0,0.010960863591756624,0.021486980289297488
2025-03-23 19:40:11.200,10.0,0.027564461994076996,0.02370514702439607
2025-03-23 19:40:11.233,6.0,0.01647362831858407,0.022043162628941286
2025-03-23 19:40:11.266,4.0,0.010960863591756624,0.01648668916295168
2025-03-23 19:40:11.300,10.0,0.027564461994076996,0.018704855898050265
2025-03-23 19:40:11.333,6.0,0.01647362831858407,0.019807408843415752
2025-03-23 19:40:11.366,4.0,0.010960863591756624,0.01648668916295168
2025-03-23 19:40:11.400,8.0,0.022008118226600985,0.017593587144555063
2025-03-23 19:40:11.433,7.0,0.019238149606299212,0.01924904434746358
2025-03-23 19:40:11.466,4.0,0.010960863591756624,0.015928324666999505
2025-03-23 19:40:11.500,7.0,0.019238149606299212,0.016481228924542533
2025-03-23 19:40:11.533,7.0,0.019238149606299212,0.01813668612745105
2025-03-23 19:40:11.566,5.0,0.013714538310412572,0.01647797014421337
2025-03-23 19:40:11.600,8.0,0.022008118226600985,0.01703196386827372
2025-03-23 19:40:11.633,7.0,0.019238149606299212,0.01868742107118224
2025-03-23 19:40:11.666,4.0,0.010960863591756624,0.01703196386827372
2025-03-23 19:40:11.700,7.0,0.019238149606299212,0.01703196386827372
2025-03-23 19:40:11.733,7.0,0.019238149606299212,0.01813668612745105
2025-03-23 19:40:11.766,4.0,0.010960863591756624,0.015927235200482177
2025-03-23 19:40:11.800,7.0,0.019238149606299212,0.015927235200482177
2025-03-23 19:40:11.833,7.0,0.019238149606299212,0.017582692403390696
2025-03-23 19:40:11.866,4.0,0.010960863591756624,0.015927235200482177
2025-03-23 19:40:11.900,6.0,0.01647362831858407,0.01537433094293915
2025-03-23 19:40:11.933,8.0,0.022008118226600985,0.01758378186990802
2025-03-23 19:40:11.966,4.0,0.010960863591756624,0.015928324666999505
2025-03-23 19:40:12.000,6.0,0.01647362831858407,0.015375420409456476
2025-03-23 19:40:12.033,7.0,0.019238149606299212,0.017030877612364992
2025-03-23 19:40:12.066,3.0,0.008212588235294117,0.015378669595707002
2025-03-23 19:40:12.100,6.0,0.01647362831858407,0.01427177161410362
2025-03-23 19:40:12.133,7.0,0.019238149606299212,0.015927228817012137
2025-03-23 19:40:12.166,4.0,0.010960863591756624,0.014824675871646648
2025-03-23 19:40:12.200,6.0,0.01647362831858407,0.01427177161410362
2025-03-23 19:40:12.233,6.0,0.01647362831858407,0.01592397963076161
2025-03-23 19:40:12.266,4.0,0.010960863591756624,0.014821426685396122
2025-03-23 19:40:12.300,6.0,0.01647362831858407,0.014268522427853094
2025-03-23 19:40:12.333,7.0,0.019238149606299212,0.01592397963076161
2025-03-23 19:40:12.366,5.0,0.013714538310412572,0.015372161629127312
2025-03-23 19:40:12.400,6.0,0.01647362831858407,0.015372161629127312
2025-03-23 19:40:12.433,7.0,0.019238149606299212,0.01702761883203583
2025-03-23 19:40:12.466,4.0,0.010960863591756624,0.01592506588667034
2025-03-23 19:40:12.500,7.0,0.019238149606299212,0.01592506588667034
2025-03-23 19:40:12.533,6.0,0.01647362831858407,0.01647688388830464
2025-03-23 19:40:12.566,2.0,0.005469696376101861,0.014276097499808198
2025-03-23 19:40:12.600,6.0,0.01647362831858407,0.01372319324226517
2025-03-23 19:40:12.633,7.0,0.019238149606299212,0.015378650445173687
2025-03-23 19:40:12.666,4.0,0.010960863591756624,0.013723193242265168
2025-03-23 19:40:12.700,6.0,0.01647362831858407,0.01372319324226517
2025-03-23 19:40:12.733,7.0,0.019238149606299212,0.01647688388830464
2025-03-23 19:40:12.766,4.0,0.010960863591756624,0.01537433094293915
2025-03-23 19:40:12.800,5.0,0.013714538310412572,0.014269608683761823
2025-03-23 19:40:12.833,7.0,0.019238149606299212,0.01592506588667034
2025-03-23 19:40:12.866,4.0,0.010960863591756624,0.014822512941304851
2025-03-23 19:40:12.900,6.0,0.01647362831858407,0.014269608683761823
2025-03-23 19:40:12.933,7.0,0.019238149606299212,0.01592506588667034
2025-03-23 19:40:12.966,4.0,0.010960863591756624,0.01537433094293915
2025-03-23 19:40:13.000,6.0,0.01647362831858407,0.014821426685396122
2025-03-23 19:40:13.033,8.0,0.022008118226600985,0.017030877612364992
2025-03-23 19:40:13.066,4.0,0.010960863591756624,0.015928324666999505
2025-03-23 19:40:13.100,5.0,0.013714538310412572,0.014823602407822177
2025-03-23 19:40:13.133,7.0,0.019238149606299212,0.016479059610730692
2025-03-23 19:40:13.166,4.0,0.010960863591756624,0.015376506665365205
2025-03-23 19:40:13.200,5.0,0.013714538310412572,0.013717790682127523
2025-03-23 19:40:13.233,8.0,0.022008118226600985,0.015927241609096393
2025-03-23 19:40:13.266,3.0,0.008212588235294117,0.014826851594072703
2025-03-23 19:40:13.300,6.0,0.01647362831858407,0.014273947336529676
2025-03-23 19:40:13.333,7.0,0.019238149606299212,0.015929404539438193
2025-03-23 19:40:13.366,4.0,0.010960863591756624,0.015378669595707004
2025-03-23 19:40:13.400,6.0,0.01647362831858407,0.01427177161410362
2025-03-23 19:40:13.433,7.0,0.019238149606299212,0.01647688388830464
2025-03-23 19:40:13.466,5.0,0.013714538310412572,0.01592506588667034
2025-03-23 19:40:13.500,5.0,0.013714538310412572,0.014820343627493012
2025-03-23 19:40:13.533,8.0,0.022008118226600985,0.017029794554461884
2025-03-23 19:40:13.566,4.0,0.010960863591756624,0.015927241609096393
2025-03-23 19:40:13.600,6.0,0.01647362831858407,0.015374337351553366
2025-03-23 19:40:13.633,8.0,0.022008118226600985,0.01703305333479105
2025-03-23 19:40:13.666,4.0,0.010960863591756624,0.016482318391059857
2025-03-23 19:40:13.700,6.0,0.01647362831858407,0.015375420409456476
2025-03-23 19:40:13.733,8.0,0.022008118226600985,0.017584871336425348
2025-03-23 19:40:13.766,5.0,0.013714538310412572,0.01703305333479105
2025-03-23 19:40:13.800,7.0,0.019238149606299212,0.016479059610730692
2025-03-23 19:40:13.833,8.0,0.022008118226600985,0.018688510537699564
2025-03-23 19:40:13.866,5.0,0.013714538310412572,0.018136692536065264
2025-03-23 19:40:13.900,6.0,0.01647362831858407,0.017029794554461884
2025-03-23 19:40:13.933,8.0,0.022008118226600985,0.018688510537699564
2025-03-23 19:40:13.966,5.0,0.013714538310412572,0.017583788278522236
2025-03-23 19:40:14.000,5.0,0.013714538310412572,0.015925072295284556
2025-03-23 19:40:14.033,7.0,0.019238149606299212,0.017029794554461884
2025-03-23 19:40:14.066,5.0,0.013714538310412572,0.016477976552827584
2025-03-23 19:40:14.100,5.0,0.013714538310412572,0.014819260569589902
2025-03-23 19:40:14.133,7.0,0.019238149606299212,0.01592398282876723
2025-03-23 19:40:14.166,5.0,0.013714538310412572,0.01592398282876723
2025-03-23 19:40:14.200,5.0,0.013714538310412572,0.014819260569589902
2025-03-23 19:40:14.233,7.0,0.019238149606299212,0.01592398282876723
2025-03-23 19:40:14.266,4.0,0.010960863591756624,0.01537324788503604
2025-03-23 19:40:14.300,5.0,0.013714538310412572,0.014268525625858713
2025-03-23 19:40:14.333,7.0,0.019238149606299212,0.01537324788503604
2025-03-23 19:40:14.366,4.0,0.010960863591756624,0.014822512941304851
2025-03-23 19:40:14.400,6.0,0.01647362831858407,0.014269608683761823
2025-03-23 19:40:14.433,8.0,0.022008118226600985,0.016479059610730692
2025-03-23 19:40:14.466,4.0,0.010960863591756624,0.015928324666999505
2025-03-23 19:40:14.500,5.0,0.013714538310412572,0.014823602407822177
2025-03-23 19:40:14.533,8.0,0.022008118226600985,0.01703305333479105
2025-03-23 19:40:14.566,5.0,0.013714538310412572,0.01648123533315675
2025-03-23 19:40:14.600,4.0,0.010960863591756624,0.014271784406187878
2025-03-23 19:40:14.633,7.0,0.019238149606299212,0.015927241609096393
2025-03-23 19:40:14.666,5.0,0.013714538310412572,0.015927241609096393
2025-03-23 19:40:14.700,5.0,0.013714538310412572,0.014268525625858713
2025-03-23 19:40:14.733,24.0,0.0670818018018018,0.02494197832413656
2025-03-23 19:40:14.766,20.0,0.05567856430707876,0.03388551846720098
2025-03-23 19:40:14.800,7.0,0.019238149606299212,0.03388551846720099
2025-03-23 19:40:14.833,19.0,0.05284195219123506,0.041711001243365485
2025-03-23 19:40:14.866,17.0,0.047185646123260434,0.04840522280593505
2025-03-23 19:40:14.900,36.0,0.10184607902735561,0.05535807825104582
2025-03-23 19:40:14.933,43.0,0.1225184081632653,0.06872604702228313
2025-03-23 19:40:14.966,45.0,0.12847914110429448,0.09057424532188219
2025-03-23 19:40:15.000,46.0,0.131468659160696,0.10629958671577439
2025-03-23 19:40:15.033,50.0,0.14348818088386434,0.12556009366789517
2025-03-23 19:40:15.066,47.0,0.13446430327868852,0.13208373851816174
2025-03-23 19:40:15.100,49.0,0.140474045174538,0.13567486592041628
2025-03-23 19:40:15.133,66.0,0.1925710344827586,0.1484932445961091
2025-03-23 19:40:15.166,63.0,0.183243375,0.1588481877639699
2025-03-23 19:40:15.200,54.0,0.1556069349845201,0.16127193858410105
2025-03-23 19:40:15.233,47.0,0.13446430327868852,0.16127193858410105
2025-03-23 19:40:15.266,52.0,0.1495350772399588,0.1630841449971852
2025-03-23 19:40:15.300,48.0,0.1374660923076923,0.15206315656217195
2025-03-23 19:40:15.333,53.0,0.15256787628865978,0.1459280568199039
2025-03-23 19:40:15.366,53.0,0.15256787628865978,0.14532024508073185
2025-03-23 19:40:15.400,52.0,0.1495350772399588,0.1483343998729859
2025-03-23 19:40:15.433,65.0,0.18945532359081418,0.15631844914315698
2025-03-23 19:40:15.466,59.0,0.1708968049792531,0.1630045916774691
2025-03-23 19:40:15.500,56.0,0.16170390899689763,0.1648317982191167
2025-03-23 19:40:15.533,72.0,0.21140290220820188,0.1765988034030251
2025-03-23 19:40:15.566,64.0,0.18634611053180394,0.18396101006139415
2025-03-23 19:40:15.600,59.0,0.1708968049792531,0.18024930633908193
2025-03-23 19:40:15.633,59.0,0.1708968049792531,0.18024930633908193
2025-03-23 19:40:15.666,53.0,0.15256787628865978,0.17842209979743437
2025-03-23 19:40:15.700,44.0,0.12549573033707864,0.16124066542320972
2025-03-23 19:40:15.733,47.0,0.13446430327868852,0.15086430397258666
2025-03-23 19:40:15.766,49.0,0.140474045174538,0.14477975201164361
2025-03-23 19:40:15.800,51.0,0.1465085185185185,0.13990209471949672
2025-03-23 19:40:15.833,53.0,0.15256787628865978,0.1399020947194967
2025-03-23 19:40:15.866,54.0,0.1556069349845201,0.145924335648985
2025-03-23 19:40:15.900,52.0,0.1495350772399588,0.14893849044123905
2025-03-23 19:40:15.933,53.0,0.15256787628865978,0.1513572566640634
2025-03-23 19:40:15.966,49.0,0.140474045174538,0.1501503619952673
2025-03-23 19:40:16.000,45.0,0.12847914110429448,0.14533261495839425
2025-03-23 19:40:16.033,32.0,0.09016443995963673,0.13224411595341756
2025-03-23 19:40:16.066,28.0,0.07857672361809045,0.11805244522904389
2025-03-23 19:40:16.100,27.0,0.0756943373493976,0.10267773744119145
2025-03-23 19:40:16.133,30.0,0.08435891238670695,0.09145471088362525
2025-03-23 19:40:16.166,30.0,0.08435891238670695,0.08263066514010774
2025-03-23 19:40:16.200,28.0,0.07857672361809045,0.08031312187179848
2025-03-23 19:40:16.233,34.0,0.09599344792719919,0.08379646673362023
2025-03-23 19:40:16.266,30.0,0.08435891238670695,0.0855293817410821
2025-03-23 19:40:16.300,28.0,0.07857672361809045,0.0843729439873588
2025-03-23 19:40:16.333,32.0,0.09016443995963673,0.08553404950194475
2025-03-23 19:40:16.366,29.0,0.08146490945674044,0.08611168666967475
2025-03-23 19:40:16.400,29.0,0.08146490945674044,0.083205978975583
2025-03-23 19:40:16.433,32.0,0.09016443995963673,0.08436708449016896
2025-03-23 19:40:16.466,29.0,0.08146490945674044,0.08494472165789896
2025-03-23 19:40:16.500,27.0,0.0756943373493976,0.08205070113585114
2025-03-23 19:40:16.533,31.0,0.08725875,0.08320946924450305
2025-03-23 19:40:16.566,29.0,0.08146490945674044,0.08320946924450304
2025-03-23 19:40:16.600,27.0,0.0756943373493976,0.08031544872245522
2025-03-23 19:40:16.633,31.0,0.08725875,0.08147421683110713
2025-03-23 19:40:16.666,30.0,0.08435891238670695,0.083207131838569
2025-03-23 19:40:16.700,28.0,0.07857672361809045,0.08147072656218708
2025-03-23 19:40:16.733,30.0,0.08435891238670695,0.0820495271481804
2025-03-23 19:40:16.766,30.0,0.08435891238670695,0.08378244215564226
2025-03-23 19:40:16.800,27.0,0.0756943373493976,0.08146955962552178
2025-03-23 19:40:16.833,30.0,0.08435891238670695,0.08146955962552178
2025-03-23 19:40:16.866,29.0,0.08146490945674044,0.08204719679325179
2025-03-23 19:40:16.900,25.0,0.06994689378757515,0.07916479307342542
2025-03-23 19:40:16.933,29.0,0.08146490945674044,0.07858599248743212
2025-03-23 19:40:16.966,26.0,0.07281773319959879,0.07801067165747236
2025-03-23 19:40:17.000,23.0,0.06422243999999999,0.07398337718013095
2025-03-23 19:40:17.033,21.0,0.05852083832335329,0.06939456295345353
2025-03-23 19:40:17.066,18.0,0.05001098507462686,0.06540738121086388
2025-03-23 19:40:17.100,14.0,0.03874323092170466,0.05686304550385672
2025-03-23 19:40:17.133,12.0,0.033142789317507415,0.048928056727438454
2025-03-23 19:40:17.166,7.0,0.019238149606299212,0.03993119864869829
2025-03-23 19:40:17.200,5.0,0.013714538310412572,0.030969938646110147
2025-03-23 19:40:17.233,4.0,0.010960863591756624,0.0231599143495361
2025-03-23 19:40:17.266,8.0,0.022008118226600985,0.019812891810515362
2025-03-23 19:40:17.300,4.0,0.010960863591756624,0.015376506665365205
2025-03-23 19:40:17.333,5.0,0.013714538310412572,0.014271784406187878
2025-03-23 19:40:17.366,14.0,0.03874323092170466,0.019277522928446297
2025-03-23 19:40:17.400,8.0,0.022008118226600985,0.021486973855415165
2025-03-23 19:40:17.433,7.0,0.019238149606299212,0.020932980131354813
2025-03-23 19:40:17.466,5.0,0.013714538310412572,0.021483715075086
2025-03-23 19:40:17.500,5.0,0.013714538310412572,0.021483715075086007
2025-03-23 19:40:17.533,8.0,0.022008118226600985,0.018136692536065264
2025-03-23 19:40:17.566,6.0,0.01647362831858407,0.017029794554461884
2025-03-23 19:40:17.600,5.0,0.013714538310412572,0.015925072295284556
2025-03-23 19:40:17.633,5.0,0.013714538310412572,0.015925072295284556
2025-03-23 19:40:17.666,6.0,0.01647362831858407,0.016476890296918855
2025-03-23 19:40:17.700,6.0,0.01647362831858407,0.015369992315315472
2025-03-23 19:40:17.733,6.0,0.01647362831858407,0.015369992315315472
2025-03-23 19:40:17.766,5.0,0.013714538310412572,0.015369992315315472
2025-03-23 19:40:17.800,8.0,0.022008118226600985,0.017028708298553154
2025-03-23 19:40:17.833,5.0,0.013714538310412572,0.016476890296918855
2025-03-23 19:40:17.866,5.0,0.013714538310412572,0.015925072295284556
2025-03-23 19:40:17.900,8.0,0.022008118226600985,0.017031970276887937
2025-03-23 19:40:17.933,5.0,0.013714538310412572,0.017031970276887937
2025-03-23 19:40:17.966,5.0,0.013714538310412572,0.015373254293650256
2025-03-23 19:40:18.000,7.0,0.019238149606299212,0.016477976552827584
2025-03-23 19:40:18.033,5.0,0.013714538310412572,0.016477976552827584
2025-03-23 19:40:18.066,5.0,0.013714538310412572,0.014819260569589902
2025-03-23 19:40:18.100,7.0,0.019238149606299212,0.01592398282876723
2025-03-23 19:40:18.133,5.0,0.013714538310412572,0.01592398282876723
2025-03-23 19:40:18.166,5.0,0.013714538310412572,0.014819260569589902
2025-03-23 19:40:18.200,8.0,0.022008118226600985,0.016477976552827584
2025-03-23 19:40:18.233,6.0,0.01647362831858407,0.017029794554461884
2025-03-23 19:40:18.266,5.0,0.013714538310412572,0.015925072295284556
2025-03-23 19:40:18.300,8.0,0.022008118226600985,0.017583788278522236
2025-03-23 19:40:18.333,6.0,0.01647362831858407,0.018135606280156535
2025-03-23 19:40:18.366,5.0,0.013714538310412572,0.016476890296918855
2025-03-23 19:40:18.400,7.0,0.019238149606299212,0.017029794554461884
2025-03-23 19:40:18.433,6.0,0.01647362831858407,0.017581612556096183
2025-03-23 19:40:18.466,5.0,0.013714538310412572,0.015922896572858503
2025-03-23 19:40:18.500,7.0,0.019238149606299212,0.01647580083040153
2025-03-23 19:40:18.533,6.0,0.01647362831858407,0.01702761883203583
2025-03-23 19:40:18.566,5.0,0.013714538310412572,0.015922896572858503
2025-03-23 19:40:18.600,7.0,0.019238149606299212,0.01647580083040153
2025-03-23 19:40:18.633,7.0,0.019238149606299212,0.01758052308957886
2025-03-23 19:40:18.666,5.0,0.013714538310412572,0.01647580083040153
2025-03-23 19:40:18.700,7.0,0.019238149606299212,0.01702870508794456
2025-03-23 19:40:18.733,7.0,0.019238149606299212,0.018133427347121887
2025-03-23 19:40:18.766,4.0,0.010960863591756624,0.01647797014421337
2025-03-23 19:40:18.800,8.0,0.022008118226600985,0.01703196386827372
2025-03-23 19:40:18.833,6.0,0.01647362831858407,0.01758378186990802
2025-03-23 19:40:18.866,4.0,0.010960863591756624,0.015928324666999505
2025-03-23 19:40:18.900,6.0,0.01647362831858407,0.015375420409456476
2025-03-23 19:40:18.933,5.0,0.013714538310412572,0.015926155353187664
2025-03-23 19:40:18.966,5.0,0.013714538310412572,0.014267439369949984
2025-03-23 19:40:19.000,6.0,0.01647362831858407,0.014267439369949984
2025-03-23 19:40:19.033,5.0,0.013714538310412572,0.014818174313681173
2025-03-23 19:40:19.066,4.0,0.010960863591756624,0.013715621368315684
2025-03-23 19:40:19.100,7.0,0.019238149606299212,0.014820343627493012
2025-03-23 19:40:19.133,6.0,0.01647362831858407,0.015372161629127312
2025-03-23 19:40:19.166,4.0,0.010960863591756624,0.014269608683761823
2025-03-23 19:40:19.200,7.0,0.019238149606299212,0.01537433094293915
2025-03-23 19:40:19.233,6.0,0.01647362831858407,0.01647688388830464
2025-03-23 19:40:19.266,4.0,0.010960863591756624,0.014821426685396122
2025-03-23 19:40:19.300,7.0,0.019238149606299212,0.01537433094293915
2025-03-23 19:40:19.333,6.0,0.01647362831858407,0.01647688388830464
2025-03-23 19:40:19.366,4.0,0.010960863591756624,0.014821426685396122
2025-03-23 19:40:19.400,7.0,0.019238149606299212,0.01537433094293915
2025-03-23 19:40:19.433,6.0,0.01647362831858407,0.01647688388830464
2025-03-23 19:40:19.466,3.0,0.008212588235294117,0.014271771614103621
2025-03-23 19:40:19.500,7.0,0.019238149606299212,0.014824675871646648
2025-03-23 19:40:19.533,7.0,0.019238149606299212,0.016480133074555165
2025-03-23 19:40:19.566,4.0,0.010960863591756624,0.014824675871646648
2025-03-23 19:40:19.600,7.0,0.019238149606299212,0.015377580129189676
2025-03-23 19:40:19.633,7.0,0.019238149606299212,0.017582692403390696
2025-03-23 19:40:19.666,4.0,0.010960863591756624,0.015927235200482177
2025-03-23 19:40:19.700,7.0,0.019238149606299212,0.015927235200482177
2025-03-23 19:40:19.733,8.0,0.022008118226600985,0.01813668612745105
2025-03-23 19:40:19.766,4.0,0.010960863591756624,0.016481228924542533
2025-03-23 19:40:19.800,7.0,0.019238149606299212,0.016481228924542533
2025-03-23 19:40:19.833,8.0,0.022008118226600985,0.018690679851511405
2025-03-23 19:40:19.866,4.0,0.010960863591756624,0.017035222648602886
2025-03-23 19:40:19.900,7.0,0.019238149606299212,0.016481228924542533
2025-03-23 19:40:19.933,8.0,0.022008118226600985,0.018690679851511405
2025-03-23 19:40:19.966,5.0,0.013714538310412572,0.017585957592334077
2025-03-23 19:40:20.000,6.0,0.01647362831858407,0.016479059610730692
2025-03-23 19:40:20.033,8.0,0.022008118226600985,0.018688510537699564
2025-03-23 19:40:20.066,4.0,0.010960863591756624,0.01703305333479105
2025-03-23 19:40:20.100,6.0,0.01647362831858407,0.015926155353187664
2025-03-23 19:40:20.133,7.0,0.019238149606299212,0.017030877612364992
2025-03-23 19:40:20.166,3.0,0.008212588235294117,0.015378669595707002
2025-03-23 19:40:20.200,5.0,0.013714538310412572,0.01371995361246932
2025-03-23 19:40:20.233,8.0,0.022008118226600985,0.01592940453943819
2025-03-23 19:40:20.266,4.0,0.010960863591756624,0.014826851594072703
2025-03-23 19:40:20.300,6.0,0.01647362831858407,0.014273947336529676
2025-03-23 19:40:20.333,7.0,0.019238149606299212,0.016479059610730692
2025-03-23 19:40:20.366,4.0,0.010960863591756624,0.015928324666999505
2025-03-23 19:40:20.400,6.0,0.01647362831858407,0.014821426685396122
2025-03-23 19:40:20.433,7.0,0.019238149606299212,0.01647688388830464
2025-03-23 19:40:20.466,4.0,0.010960863591756624,0.01537433094293915
2025-03-23 19:40:20.500,6.0,0.01647362831858407,0.014821426685396122
2025-03-23 19:40:20.533,7.0,0.019238149606299212,0.01647688388830464
2025-03-23 19:40:20.566,4.0,0.010960863591756624,0.01537433094293915
2025-03-23 19:40:20.600,6.0,0.01647362831858407,0.014821426685396122
2025-03-23 19:40:20.633,8.0,0.022008118226600985,0.017030877612364992
2025-03-23 19:40:20.666,5.0,0.013714538310412572,0.016479059610730692
2025-03-23 19:40:20.700,6.0,0.01647362831858407,0.015926155353187664
2025-03-23 19:40:20.733,8.0,0.022008118226600985,0.018135606280156535
2025-03-23 19:40:20.766,5.0,0.013714538310412572,0.017583788278522236
2025-03-23 19:40:20.800,6.0,0.01647362831858407,0.016476890296918855
2025-03-23 19:40:20.833,7.0,0.019238149606299212,0.017581612556096183
2025-03-23 19:40:20.866,3.0,0.008212588235294117,0.015929404539438193
2025-03-23 19:40:20.900,6.0,0.01647362831858407,0.01482250655783481
2025-03-23 19:40:20.933,7.0,0.019238149606299212,0.015927228817012137
2025-03-23 19:40:20.966,4.0,0.010960863591756624,0.014824675871646648
2025-03-23 19:40:21.000,6.0,0.01647362831858407,0.01427177161410362
2025-03-23 19:40:21.033,8.0,0.022008118226600985,0.017030877612364992
2025-03-23 19:40:21.066,8.0,0.022008118226600985,0.018137775593968376
2025-03-23 19:40:21.100,7.0,0.019238149606299212,0.018137775593968376
2025-03-23 19:40:21.133,8.0,0.022008118226600985,0.020347226520937248
2025-03-23 19:40:21.166,4.0,0.010960863591756624,0.019244673575571757
2025-03-23 19:40:21.200,6.0,0.01647362831858407,0.018137775593968376
2025-03-23 19:40:21.233,15.0,0.041551785714285715,0.022046509091505323
2025-03-23 19:40:21.266,23.0,0.06422243999999999,0.03104336717024548
2025-03-23 19:40:21.300,24.0,0.0670818018018018,0.04005810388528565
2025-03-23 19:40:21.333,17.0,0.047185646123260434,0.04730306039158641
2025-03-23 19:40:21.366,19.0,0.05284195219123506,0.054576725166116606
2025-03-23 19:40:21.400,24.0,0.0670818018018018,0.05968272838361982
2025-03-23 19:40:21.433,35.0,0.0989168016194332,0.06662160070750647
2025-03-23 19:40:21.466,27.0,0.0756943373493976,0.06834410781702563
2025-03-23 19:40:21.500,47.0,0.13446430327868852,0.08579983924811124
2025-03-23 19:40:21.533,63.0,0.183243375,0.11188012380986423
2025-03-23 19:40:21.566,51.0,0.1465085185185185,0.12776546715320758
2025-03-23 19:40:21.600,33.0,0.093076,0.12659730682932094
2025-03-23 19:40:21.633,32.0,0.09016443995963673,0.12949132735136876
2025-03-23 19:40:21.666,30.0,0.08435891238670695,0.11947024917297244
2025-03-23 19:40:21.700,29.0,0.08146490945674044,0.09911455606432053
2025-03-23 19:40:21.733,32.0,0.09016443995963673,0.08784574035254417
2025-03-23 19:40:21.766,28.0,0.07857672361809045,0.08494588507616226
2025-03-23 19:40:21.800,29.0,0.08146490945674044,0.083205978975583
2025-03-23 19:40:21.833,32.0,0.09016443995963673,0.08436708449016896
2025-03-23 19:40:21.866,27.0,0.0756943373493976,0.08321297006870039
2025-03-23 19:40:21.900,37.0,0.10478129817444218,0.08613634171166148
2025-03-23 19:40:21.933,38.0,0.1077224771573604,0.09196549241951546
2025-03-23 19:40:21.966,37.0,0.10478129817444218,0.09662877016305582
2025-03-23 19:40:22.000,39.0,0.11066963414634146,0.10072980900039677
2025-03-23 19:40:22.033,32.0,0.09016443995963673,0.10362382952244459
2025-03-23 19:40:22.066,27.0,0.0756943373493976,0.09780643735743567
2025-03-23 19:40:22.100,29.0,0.08146490945674044,0.09255492381731169
2025-03-23 19:40:22.133,30.0,0.08435891238670695,0.08847044665976463
2025-03-23 19:40:22.166,27.0,0.0756943373493976,0.08147538730037587
2025-03-23 19:40:22.200,28.0,0.07857672361809045,0.0791578440320666
2025-03-23 19:40:22.233,31.0,0.08725875,0.0814707265621871
2025-03-23 19:40:22.266,30.0,0.08435891238670695,0.0820495271481804
2025-03-23 19:40:22.300,29.0,0.08146490945674044,0.0814707265621871
2025-03-23 19:40:22.333,31.0,0.08725875,0.08378360909230757
2025-03-23 19:40:22.366,28.0,0.07857672361809045,0.08378360909230757
2025-03-23 19:40:22.400,29.0,0.08146490945674044,0.08262484098365566
2025-03-23 19:40:22.433,24.0,0.0670818018018018,0.07916941886667464
2025-03-23 19:40:22.466,20.0,0.05567856430707876,0.0740121498367423
2025-03-23 19:40:22.500,21.0,0.05852083832335329,0.06826456750141295
2025-03-23 19:40:22.533,24.0,0.0670818018018018,0.06596558313815523
2025-03-23 19:40:22.566,24.0,0.0670818018018018,0.0630889616071675
2025-03-23 19:40:22.600,22.0,0.06136879120879121,0.061946359488565375
2025-03-23 19:40:22.633,24.0,0.0670818018018018,0.06422700698751
2025-03-23 19:40:22.666,20.0,0.05567856430707876,0.06365855218425508
2025-03-23 19:40:22.700,20.0,0.05567856430707876,0.061377904685310465
2025-03-23 19:40:22.733,28.0,0.07857672361809045,0.06367688904856819
2025-03-23 19:40:22.766,28.0,0.07857672361809045,0.06711847553042805
2025-03-23 19:40:22.800,20.0,0.05567856430707876,0.06483782803148344
2025-03-23 19:40:22.833,22.0,0.06136879120879121,0.06597587341182594
2025-03-23 19:40:22.866,21.0,0.05852083832335329,0.06654432821508083
2025-03-23 19:40:22.900,21.0,0.05852083832335329,0.0625331511561334
2025-03-23 19:40:22.933,23.0,0.06422243999999999,0.05966229443251531
2025-03-23 19:40:22.966,20.0,0.05567856430707876,0.05966229443251531
2025-03-23 19:40:23.000,21.0,0.05852083832335329,0.059092703855427725
2025-03-23 19:40:23.033,23.0,0.06422243999999999,0.06023302419075707
2025-03-23 19:40:23.066,21.0,0.05852083832335329,0.06023302419075707
2025-03-23 19:40:23.100,21.0,0.05852083832335329,0.05909270385542773
2025-03-23 19:40:23.133,22.0,0.06136879120879121,0.060230749235770216
2025-03-23 19:40:23.166,19.0,0.05284195219123506,0.05909497200934657
2025-03-23 19:40:23.200,15.0,0.041551785714285715,0.05456084115220372
2025-03-23 19:40:23.233,20.0,0.05567856430707876,0.053992386348948804
2025-03-23 19:40:23.266,16.0,0.044365918570009925,0.05116140239828014
2025-03-23 19:40:23.300,9.0,0.024783550295857985,0.04384435421569349
2025-03-23 19:40:23.333,8.0,0.022008118226600985,0.03767758742276668
2025-03-23 19:40:23.366,6.0,0.01647362831858407,0.03266195594362635
2025-03-23 19:40:23.400,13.0,0.035940237623762375,0.028714290606963067
2025-03-23 19:40:23.433,7.0,0.019238149606299212,0.02368873681422093
2025-03-23 19:40:23.466,5.0,0.013714538310412572,0.021474934417131844
2025-03-23 19:40:23.500,5.0,0.013714538310412572,0.01981621843389416
2025-03-23 19:40:23.533,7.0,0.019238149606299212,0.02036912269143719
2025-03-23 19:40:23.566,12.0,0.033142789317507415,0.019809633030186197
2025-03-23 19:40:23.600,5.0,0.013714538310412572,0.018704910771008873
2025-03-23 19:40:23.633,7.0,0.019238149606299212,0.0198096330301862
2025-03-23 19:40:23.666,5.0,0.013714538310412572,0.0198096330301862
2025-03-23 19:40:23.700,4.0,0.010960863591756624,0.018154175827277682
2025-03-23 19:40:23.733,12.0,0.033142789317507415,0.018154175827277682
2025-03-23 19:40:23.766,7.0,0.019238149606299212,0.019258898086455006
2025-03-23 19:40:23.800,4.0,0.010960863591756624,0.01760344088354649
2025-03-23 19:40:23.833,7.0,0.019238149606299212,0.01870816314272382
2025-03-23 19:40:23.866,6.0,0.01647362831858407,0.019810716088089313
2025-03-23 19:40:23.900,5.0,0.013714538310412572,0.01592506588667034
2025-03-23 19:40:23.933,6.0,0.01647362831858407,0.015372161629127312
2025-03-23 19:40:23.966,6.0,0.01647362831858407,0.016474714574492802
2025-03-23 19:40:24.000,4.0,0.010960863591756624,0.014819257371584283
2025-03-23 19:40:24.033,6.0,0.01647362831858407,0.014819257371584283
2025-03-23 19:40:24.066,5.0,0.013714538310412572,0.014819257371584283
2025-03-23 19:40:24.100,3.0,0.008212588235294117,0.013167049354926293
2025-03-23 19:40:24.133,5.0,0.013714538310412572,0.012615231353291992
2025-03-23 19:40:24.166,6.0,0.01647362831858407,0.013717784298657483
2025-03-23 19:40:24.200,3.0,0.008212588235294117,0.012065576281999491
2025-03-23 19:40:24.233,6.0,0.01647362831858407,0.01261739428363379
2025-03-23 19:40:24.266,5.0,0.013714538310412572,0.013717784298657483
2025-03-23 19:40:24.300,3.0,0.008212588235294117,0.01261739428363379
2025-03-23 19:40:24.333,6.0,0.01647362831858407,0.01261739428363379
2025-03-23 19:40:24.366,5.0,0.013714538310412572,0.013717784298657483
2025-03-23 19:40:24.400,3.0,0.008212588235294117,0.012065576281999491
2025-03-23 19:40:24.433,6.0,0.01647362831858407,0.01261739428363379
2025-03-23 19:40:24.466,5.0,0.013714538310412572,0.013717784298657483
2025-03-23 19:40:24.500,2.0,0.005469696376101861,0.011516997910161041
2025-03-23 19:40:24.533,6.0,0.01647362831858407,0.012068815911795339
2025-03-23 19:40:24.566,6.0,0.01647362831858407,0.013721023928453329
2025-03-23 19:40:24.600,3.0,0.008212588235294117,0.012068815911795337
2025-03-23 19:40:24.633,6.0,0.01647362831858407,0.012620633913429638
2025-03-23 19:40:24.666,6.0,0.01647362831858407,0.01482142030192608
2025-03-23 19:40:24.700,4.0,0.010960863591756624,0.013718867356560591
2025-03-23 19:40:24.733,6.0,0.01647362831858407,0.013718867356560591
2025-03-23 19:40:24.766,5.0,0.013714538310412572,0.014819257371584283
2025-03-23 19:40:24.800,4.0,0.010960863591756624,0.013716704426218794
2025-03-23 19:40:24.833,7.0,0.019238149606299212,0.014269608683761823
2025-03-23 19:40:24.866,5.0,0.013714538310412572,0.014820343627493012
2025-03-23 19:40:24.900,4.0,0.010960863591756624,0.013717790682127523
2025-03-23 19:40:24.933,5.0,0.013714538310412572,0.013717790682127523
2025-03-23 19:40:24.966,6.0,0.01647362831858407,0.014820343627493012
2025-03-23 19:40:25.000,4.0,0.010960863591756624,0.013164886424584495
2025-03-23 19:40:25.033,6.0,0.01647362831858407,0.013716704426218794
2025-03-23 19:40:25.066,6.0,0.01647362831858407,0.014819257371584283
2025-03-23 19:40:25.100,4.0,0.010960863591756624,0.014268522427853094
2025-03-23 19:40:25.133,7.0,0.019238149606299212,0.014821426685396122
2025-03-23 19:40:25.166,5.0,0.013714538310412572,0.015372161629127312
2025-03-23 19:40:25.200,4.0,0.010960863591756624,0.014269608683761823
2025-03-23 19:40:25.233,6.0,0.01647362831858407,0.014269608683761823
2025-03-23 19:40:25.266,7.0,0.019238149606299212,0.01592506588667034
2025-03-23 19:40:25.300,4.0,0.010960863591756624,0.014269608683761823
2025-03-23 19:40:25.333,6.0,0.01647362831858407,0.014821426685396122
2025-03-23 19:40:25.366,6.0,0.01647362831858407,0.01592397963076161
2025-03-23 19:40:25.400,5.0,0.013714538310412572,0.015372161629127312
2025-03-23 19:40:25.433,6.0,0.01647362831858407,0.014819257371584283
2025-03-23 19:40:25.466,6.0,0.01647362831858407,0.015921810316949774
2025-03-23 19:40:25.500,4.0,0.010960863591756624,0.014819257371584283
2025-03-23 19:40:25.533,6.0,0.01647362831858407,0.014819257371584283
2025-03-23 19:40:25.566,7.0,0.019238149606299212,0.01592397963076161
2025-03-23 19:40:25.600,5.0,0.013714538310412572,0.015372161629127312
2025-03-23 19:40:25.633,7.0,0.019238149606299212,0.01592506588667034
2025-03-23 19:40:25.666,5.0,0.013714538310412572,0.01647580083040153
2025-03-23 19:40:25.700,4.0,0.010960863591756624,0.01537324788503604
2025-03-23 19:40:25.733,6.0,0.01647362831858407,0.014820343627493012
2025-03-23 19:40:25.766,5.0,0.013714538310412572,0.014820343627493012
2025-03-23 19:40:25.800,4.0,0.010960863591756624,0.013164886424584495
2025-03-23 19:40:25.833,7.0,0.019238149606299212,0.014269608683761823
2025-03-23 19:40:25.866,6.0,0.01647362831858407,0.015372161629127312
2025-03-23 19:40:25.900,5.0,0.013714538310412572,0.014820343627493012
2025-03-23 19:40:25.933,8.0,0.022008118226600985,0.016479059610730692
2025-03-23 19:40:25.966,5.0,0.013714538310412572,0.017029794554461884
2025-03-23 19:40:26.000,4.0,0.010960863591756624,0.015374337351553366
2025-03-23 19:40:26.033,7.0,0.019238149606299212,0.015927241609096393
2025-03-23 19:40:26.066,5.0,0.013714538310412572,0.015927241609096393
2025-03-23 19:40:26.100,4.0,0.010960863591756624,0.013717790682127523
2025-03-23 19:40:26.133,7.0,0.019238149606299212,0.014822512941304851
2025-03-23 19:40:26.166,5.0,0.013714538310412572,0.01537324788503604
2025-03-23 19:40:26.200,3.0,0.008212588235294117,0.013168135610835022
2025-03-23 19:40:26.233,5.0,0.013714538310412572,0.01316813561083502
2025-03-23 19:40:26.266,5.0,0.013714538310412572,0.01371887055456621
2025-03-23 19:40:26.300,4.0,0.010960863591756624,0.012063413351657695
2025-03-23 19:40:26.333,7.0,0.019238149606299212,0.01316813561083502
2025-03-23 19:40:26.366,5.0,0.013714538310412572,0.014268525625858713
2025-03-23 19:40:26.400,4.0,0.010960863591756624,0.013717790682127523
2025-03-23 19:40:26.433,7.0,0.019238149606299212,0.014822512941304851
2025-03-23 19:40:26.466,5.0,0.013714538310412572,0.01537324788503604
2025-03-23 19:40:26.500,4.0,0.010960863591756624,0.013717790682127523
2025-03-23 19:40:26.533,7.0,0.019238149606299212,0.014822512941304851
2025-03-23 19:40:26.566,5.0,0.013714538310412572,0.01537324788503604
2025-03-23 19:40:26.600,4.0,0.010960863591756624,0.013717790682127523
2025-03-23 19:40:26.633,7.0,0.019238149606299212,0.014822512941304851
2025-03-23 19:40:26.666,5.0,0.013714538310412572,0.01537324788503604
2025-03-23 19:40:26.700,4.0,0.010960863591756624,0.013717790682127523
2025-03-23 19:40:26.733,6.0,0.01647362831858407,0.014269608683761823
2025-03-23 19:40:26.766,5.0,0.013714538310412572,0.014820343627493012
2025-03-23 19:40:26.800,5.0,0.013714538310412572,0.013715621368315684
2025-03-23 19:40:26.833,6.0,0.01647362831858407,0.014267439369949984
2025-03-23 19:40:26.866,6.0,0.01647362831858407,0.015369992315315472
2025-03-23 19:40:26.900,3.0,0.008212588235294117,0.013717784298657481
2025-03-23 19:40:26.933,5.0,0.013714538310412572,0.013717784298657483
2025-03-23 19:40:26.966,7.0,0.019238149606299212,0.014822506557834809
2025-03-23 19:40:27.000,4.0,0.010960863591756624,0.013719953612469322
2025-03-23 19:40:27.033,9.0,0.024783550295857985,0.015381938007924104
2025-03-23 19:40:27.066,5.0,0.013714538310412572,0.016482328022947794
2025-03-23 19:40:27.100,18.0,0.05001098507462686,0.023741617375790655
2025-03-23 19:40:27.133,17.0,0.047185646123260434,0.029331116679182898
2025-03-23 19:40:27.166,7.0,0.019238149606299212,0.030986573882091417
2025-03-23 19:40:27.200,4.0,0.010960863591756624,0.02822203654127114
2025-03-23 19:40:27.233,8.0,0.022008118226600985,0.02988075252450883
2025-03-23 19:40:27.266,6.0,0.01647362831858407,0.023173281173300267
2025-03-23 19:40:27.300,7.0,0.019238149606299212,0.01758378186990802
2025-03-23 19:40:27.333,15.0,0.041551785714285715,0.022046509091505323
2025-03-23 19:40:27.366,7.0,0.019238149606299212,0.02370196629441384
2025-03-23 19:40:27.400,5.0,0.013714538310412572,0.02204325031117616
2025-03-23 19:40:27.433,8.0,0.022008118226600985,0.023150148292779543
2025-03-23 19:40:27.466,11.0,0.030350869565217393,0.025372692284563177
2025-03-23 19:40:27.500,21.0,0.05852083832335329,0.028766502806376694
2025-03-23 19:40:27.533,31.0,0.08725875,0.04237062288511685
2025-03-23 19:40:27.566,30.0,0.08435891238670695,0.056499497700375725
2025-03-23 19:40:27.600,28.0,0.07857672361809045,0.06781321877867362
2025-03-23 19:40:27.633,32.0,0.09016443995963673,0.07977593285755748
2025-03-23 19:40:27.666,28.0,0.07857672361809045,0.08378710991650491
2025-03-23 19:40:27.700,24.0,0.0670818018018018,0.07975172027686528
2025-03-23 19:40:27.733,30.0,0.08435891238670695,0.07975172027686528
2025-03-23 19:40:27.766,32.0,0.09016443995963673,0.08206926354517453
2025-03-23 19:40:27.800,28.0,0.07857672361809045,0.07975172027686528
2025-03-23 19:40:27.833,31.0,0.08725875,0.08148812555324719
2025-03-23 19:40:27.866,28.0,0.07857672361809045,0.08378710991650491
2025-03-23 19:40:27.900,28.0,0.07857672361809045,0.08263067216278161
2025-03-23 19:40:27.933,31.0,0.08725875,0.08204953417085427
2025-03-23 19:40:27.966,36.0,0.10184607902735561,0.08670340525270731
2025-03-23 19:40:28.000,37.0,0.10478129817444218,0.09020791488759573
2025-03-23 19:40:28.033,43.0,0.1225184081632653,0.09899625179663071
2025-03-23 19:40:28.066,44.0,0.12549573033707864,0.10838005314042834
2025-03-23 19:40:28.100,40.0,0.11362278738555442,0.11365286061753924
2025-03-23 19:40:28.133,41.0,0.11658195519348269,0.11660003585076464
2025-03-23 19:40:28.166,41.0,0.11658195519348269,0.11896016725457276
2025-03-23 19:40:28.200,33.0,0.093076,0.11307168562191969
2025-03-23 19:40:28.233,34.0,0.09599344792719919,0.1071712291399438
2025-03-23 19:40:28.266,40.0,0.11362278738555442,0.1071712291399438
2025-03-23 19:40:28.300,56.0,0.16170390899689763,0.1161956199006268
2025-03-23 19:40:28.333,58.0,0.1678261554404145,0.12644445995001316
2025-03-23 19:40:28.366,59.0,0.1708968049792531,0.14200862094586378
2025-03-23 19:40:28.400,47.0,0.13446430327868852,0.14970279201616163
2025-03-23 19:40:28.433,65.0,0.18945532359081418,0.16486929925721358
2025-03-23 19:40:28.466,45.0,0.12847914110429448,0.15822434567869295
2025-03-23 19:40:28.500,37.0,0.10478129817444218,0.14561537422549847
2025-03-23 19:40:28.533,41.0,0.11658195519348269,0.1347524042683444
2025-03-23 19:40:28.566,43.0,0.1225184081632653,0.13236322524525976
2025-03-23 19:40:28.600,45.0,0.12847914110429448,0.12016798874795584
2025-03-23 19:40:28.633,43.0,0.1225184081632653,0.11897584215974999
2025-03-23 19:40:28.666,49.0,0.140474045174538,0.12611439155976917
2025-03-23 19:40:28.700,47.0,0.13446430327868852,0.12969086117681033
2025-03-23 19:40:28.733,49.0,0.140474045174538,0.13328198857906487
2025-03-23 19:40:28.766,41.0,0.11658195519348269,0.1309025513969025
2025-03-23 19:40:28.800,46.0,0.131468659160696,0.13269260159638865
2025-03-23 19:40:28.833,50.0,0.14348818088386434,0.13329542873825392
2025-03-23 19:40:28.866,49.0,0.140474045174538,0.13449737711742382
2025-03-23 19:40:28.900,47.0,0.13446430327868852,0.13329542873825392
2025-03-23 19:40:28.933,48.0,0.1374660923076923,0.13747225616109582
2025-03-23 19:40:28.966,49.0,0.140474045174538,0.13927333336386424
2025-03-23 19:40:29.000,46.0,0.131468659160696,0.13686942901923058
2025-03-23 19:40:29.033,48.0,0.1374660923076923,0.13626783844586143
2025-03-23 19:40:29.066,48.0,0.1374660923076923,0.1368681962516622
2025-03-23 19:40:29.100,46.0,0.131468659160696,0.13566870962226293
2025-03-23 19:40:29.133,49.0,0.140474045174538,0.13566870962226293
2025-03-23 19:40:29.166,51.0,0.1465085185185185,0.13867668149382745
2025-03-23 19:40:29.200,49.0,0.140474045174538,0.13927827206719656
2025-03-23 19:40:29.233,49.0,0.140474045174538,0.1398798626405657
2025-03-23 19:40:29.266,51.0,0.1465085185185185,0.14288783451213022
2025-03-23 19:40:29.300,54.0,0.1556069349845201,0.14591441247412665
2025-03-23 19:40:29.333,60.0,0.17397383177570094,0.1514074751255631
2025-03-23 19:40:29.366,52.0,0.1495350772399588,0.1532196815386473
2025-03-23 19:40:29.400,54.0,0.1556069349845201,0.15624625950064372
2025-03-23 19:40:29.433,51.0,0.1465085185185185,0.1562462595006437
2025-03-23 19:40:29.466,43.0,0.1225184081632653,0.14962855413639273
2025-03-23 19:40:29.500,48.0,0.1374660923076923,0.14232700624279102
2025-03-23 19:40:29.533,51.0,0.1465085185185185,0.14172169449850297
2025-03-23 19:40:29.566,49.0,0.140474045174538,0.1386951165365065
2025-03-23 19:40:29.600,40.0,0.11362278738555442,0.1321179703099137
2025-03-23 19:40:29.633,30.0,0.08435891238670695,0.12448607115460204
2025-03-23 19:40:29.666,19.0,0.05284195219123506,0.1075612431313106
2025-03-23 19:40:29.700,4.0,0.010960863591756624,0.08045171214595821
2025-03-23 19:40:29.733,7.0,0.019238149606299212,0.056204533032310454
2025-03-23 19:40:29.766,12.0,0.033142789317507415,0.040108533418701055
2025-03-23 19:40:29.800,6.0,0.01647362831858407,0.026531476605076473
2025-03-23 19:40:29.833,5.0,0.013714538310412572,0.018705993828911985
2025-03-23 19:40:29.866,7.0,0.019238149606299212,0.0203614510318205
2025-03-23 19:40:29.900,8.0,0.022008118226600985,0.020915444755880853
2025-03-23 19:40:29.933,6.0,0.01647362831858407,0.017581612556096183
2025-03-23 19:40:29.966,7.0,0.019238149606299212,0.01813451681363921
2025-03-23 19:40:30.000,5.0,0.013714538310412572,0.01813451681363921
2025-03-23 19:40:30.033,5.0,0.013714538310412572,0.017029794554461884
2025-03-23 19:40:30.066,7.0,0.019238149606299212,0.01647580083040153
2025-03-23 19:40:30.100,5.0,0.013714538310412572,0.01592398282876723
2025-03-23 19:40:30.133,5.0,0.013714538310412572,0.014819260569589902
2025-03-23 19:40:30.166,7.0,0.019238149606299212,0.01592398282876723
2025-03-23 19:40:30.200,9.0,0.024783550295857985,0.018137785225856313
2025-03-23 19:40:30.233,5.0,0.013714538310412572,0.017033062966678985
2025-03-23 19:40:30.266,10.0,0.027564461994076996,0.019803047703411868
2025-03-23 19:40:30.300,6.0,0.01647362831858407,0.020354865705046167
2025-03-23 19:40:30.333,7.0,0.019238149606299212,0.020354865705046167
2025-03-23 19:40:30.366,7.0,0.019238149606299212,0.019245785567134414
2025-03-23 19:40:30.400,5.0,0.013714538310412572,0.019245785567134417
2025-03-23 19:40:30.433,6.0,0.01647362831858407,0.01702761883203583
2025-03-23 19:40:30.466,7.0,0.019238149606299212,0.01758052308957886
2025-03-23 19:40:30.500,6.0,0.01647362831858407,0.01702761883203583
2025-03-23 19:40:30.533,7.0,0.019238149606299212,0.01702761883203583
2025-03-23 19:40:30.566,7.0,0.019238149606299212,0.01813234109121316
2025-03-23 19:40:30.600,6.0,0.01647362831858407,0.01813234109121316
2025-03-23 19:40:30.633,5.0,0.013714538310412572,0.01702761883203583
2025-03-23 19:40:30.666,7.0,0.019238149606299212,0.01758052308957886
2025-03-23 19:40:30.700,5.0,0.013714538310412572,0.01647580083040153
2025-03-23 19:40:30.733,4.0,0.010960863591756624,0.014820343627493012
2025-03-23 19:40:30.766,7.0,0.019238149606299212,0.01537324788503604
2025-03-23 19:40:30.800,5.0,0.013714538310412572,0.01537324788503604
2025-03-23 19:40:30.833,5.0,0.013714538310412572,0.014268525625858713
2025-03-23 19:40:30.866,7.0,0.019238149606299212,0.01537324788503604
2025-03-23 19:40:30.900,5.0,0.013714538310412572,0.01592398282876723
2025-03-23 19:40:30.933,5.0,0.013714538310412572,0.014819260569589902
2025-03-23 19:40:30.966,7.0,0.019238149606299212,0.01592398282876723
2025-03-23 19:40:31.000,6.0,0.01647362831858407,0.01647580083040153
2025-03-23 19:40:31.033,5.0,0.013714538310412572,0.015371078571224201
2025-03-23 19:40:31.066,7.0,0.019238149606299212,0.01647580083040153
2025-03-23 19:40:31.100,5.0,0.013714538310412572,0.01647580083040153
2025-03-23 19:40:31.133,4.0,0.010960863591756624,0.014820343627493012
2025-03-23 19:40:31.166,7.0,0.019238149606299212,0.01537324788503604
2025-03-23 19:40:31.200,5.0,0.013714538310412572,0.01537324788503604
2025-03-23 19:40:31.233,5.0,0.013714538310412572,0.014268525625858713
2025-03-23 19:40:31.266,8.0,0.022008118226600985,0.015927241609096393
2025-03-23 19:40:31.300,6.0,0.01647362831858407,0.017029794554461884
2025-03-23 19:40:31.333,4.0,0.010960863591756624,0.015374337351553366
2025-03-23 19:40:31.366,6.0,0.01647362831858407,0.015926155353187664
2025-03-23 19:40:31.400,5.0,0.013714538310412572,0.015926155353187664
2025-03-23 19:40:31.433,5.0,0.013714538310412572,0.014267439369949984
2025-03-23 19:40:31.466,7.0,0.019238149606299212,0.014820343627493012
2025-03-23 19:40:31.500,6.0,0.01647362831858407,0.015922896572858503
2025-03-23 19:40:31.533,4.0,0.010960863591756624,0.014820343627493012
2025-03-23 19:40:31.566,7.0,0.019238149606299212,0.01592506588667034
2025-03-23 19:40:31.600,6.0,0.01647362831858407,0.01647688388830464
2025-03-23 19:40:31.633,4.0,0.010960863591756624,0.014821426685396122
2025-03-23 19:40:31.666,6.0,0.01647362831858407,0.014821426685396122
2025-03-23 19:40:31.700,6.0,0.01647362831858407,0.01592397963076161
2025-03-23 19:40:31.733,4.0,0.010960863591756624,0.014268522427853094
2025-03-23 19:40:31.766,6.0,0.01647362831858407,0.014268522427853094
2025-03-23 19:40:31.800,5.0,0.013714538310412572,0.014819257371584283
2025-03-23 19:40:31.833,4.0,0.010960863591756624,0.013716704426218794
2025-03-23 19:40:31.866,7.0,0.019238149606299212,0.014269608683761823
2025-03-23 19:40:31.900,6.0,0.01647362831858407,0.015372161629127312
2025-03-23 19:40:31.933,4.0,0.010960863591756624,0.014269608683761823
2025-03-23 19:40:31.966,7.0,0.019238149606299212,0.01537433094293915
2025-03-23 19:40:32.000,6.0,0.01647362831858407,0.01647688388830464
2025-03-23 19:40:32.033,4.0,0.010960863591756624,0.014821426685396122
2025-03-23 19:40:32.066,7.0,0.019238149606299212,0.01537433094293915
2025-03-23 19:40:32.100,6.0,0.01647362831858407,0.01647688388830464
2025-03-23 19:40:32.133,3.0,0.008212588235294117,0.014271771614103621
2025-03-23 19:40:32.166,7.0,0.019238149606299212,0.014824675871646648
2025-03-23 19:40:32.200,7.0,0.019238149606299212,0.016480133074555165
2025-03-23 19:40:32.233,4.0,0.010960863591756624,0.014824675871646648
2025-03-23 19:40:32.266,7.0,0.019238149606299212,0.015377580129189676
2025-03-23 19:40:32.300,7.0,0.019238149606299212,0.017582692403390696
2025-03-23 19:40:32.333,4.0,0.010960863591756624,0.015927235200482177
2025-03-23 19:40:32.366,7.0,0.019238149606299212,0.015927235200482177
2025-03-23 19:40:32.400,8.0,0.022008118226600985,0.01813668612745105
2025-03-23 19:40:32.433,5.0,0.013714538310412572,0.01703196386827372
2025-03-23 19:40:32.466,7.0,0.019238149606299212,0.01703196386827372
2025-03-23 19:40:32.500,7.0,0.019238149606299212,0.01868742107118224
2025-03-23 19:40:32.533,4.0,0.010960863591756624,0.01703196386827372
2025-03-23 19:40:32.566,7.0,0.019238149606299212,0.01647797014421337
2025-03-23 19:40:32.600,6.0,0.01647362831858407,0.017029788145847668
2025-03-23 19:40:32.633,5.0,0.013714538310412572,0.01592506588667034
2025-03-23 19:40:32.666,7.0,0.019238149606299212,0.01592506588667034
2025-03-23 19:40:32.700,7.0,0.019238149606299212,0.01758052308957886
2025-03-23 19:40:32.733,3.0,0.008212588235294117,0.015375410815377837
2025-03-23 19:40:32.766,6.0,0.01647362831858407,0.015375410815377839
2025-03-23 19:40:32.800,7.0,0.019238149606299212,0.016480133074555165
2025-03-23 19:40:32.833,3.0,0.008212588235294117,0.014275020800354147
2025-03-23 19:40:32.866,7.0,0.019238149606299212,0.014275020800354145
2025-03-23 19:40:32.900,7.0,0.019238149606299212,0.016480133074555165
2025-03-23 19:40:32.933,4.0,0.010960863591756624,0.015377580129189676
2025-03-23 19:40:32.966,7.0,0.019238149606299212,0.015377580129189676
2025-03-23 19:40:33.000,7.0,0.019238149606299212,0.017582692403390696
2025-03-23 19:40:33.033,4.0,0.010960863591756624,0.015927235200482177
